1,0.8258500936109151,0.0005016999784857035,41,[],[0]
2,1.1073857485521243,0.0008863999973982573,36,[],[0]
3,1.468067659581122,0.0012642000219784677,31,[],[0]
4,2.247753262564591,0.0014646999770775437,47,[],[0]
5,2.738433656877697,0.001936499960720539,6,[],[0]
6,3.545648537488896,0.0022899999748915434,46,[],"[1, 3]"
7,3.7304482896631526,0.002603700035251677,31,[],[3]
8,4.148051047569814,0.0029815000016242266,38,[],[3]
9,6.362515178508755,0.0037022000178694725,19,[],"[8, 7]"
10,7.016643804892061,0.004004300048109144,6,[],"[6, 4]"
11,7.692484835609447,0.00411729997722432,9,[],[4]
12,9.304972693912362,0.004348299989942461,5,[],"[10, 9]"
13,10.403381232521154,0.0050540000083856285,25,[],"[10, 9]"
14,10.965428446388364,0.005182299995794892,17,[],[10]
15,11.250124096507776,0.005592299974523485,35,[],"[10, 9]"
16,11.986895489206995,0.005853299982845783,48,[],[12]
17,15.649499327327066,0.006387499975971878,46,[],"[16, 14]"
18,16.129560960145223,0.006827100005466491,6,[],[16]
19,16.967712705903406,0.0067343999980948865,40,[],"[16, 14]"
20,18.420566175843,0.0074001000029966235,18,[],[18]
21,19.1383992222026,0.007452199992258102,1,[],"[15, 18]"
22,20.53497782786532,0.008288500015623868,35,[],[19]
23,23.062231794659358,0.008476999995764345,36,[],"[20, 13]"
24,26.228853957033266,0.009443099959753454,24,[],"[21, 23]"
25,26.82795810333908,0.009036100003868341,33,[],"[21, 17]"
26,26.989465956597265,0.009657900023739785,44,[],"[23, 21]"
27,27.015438824641922,0.010066599992569536,45,[],[23]
28,27.31903798945443,0.01023790001636371,14,[],[21]
29,27.53816570145111,0.010405600012745708,3,[],"[17, 21]"
30,27.829249217654542,0.011147299956064671,16,[],[21]
31,27.950384823287962,0.011489199998322874,3,[],[21]
32,29.7474019372554,0.012042300018947572,16,[],"[29, 25]"
33,30.454020281004244,0.012599100009538233,9,[],"[31, 25]"
34,30.78827293942568,0.012815700029022992,48,[],[25]
35,31.185353501792356,0.013108299986924976,43,[],"[30, 25]"
36,32.71619930971267,0.013458699977491051,27,[],"[27, 33]"
37,33.03275848892461,0.014195900002960116,6,[],[33]
38,34.76325285293813,0.015057699987664819,43,[],"[35, 24]"
39,35.64134883306126,0.014029000012669712,30,[],"[37, 32]"
40,38.28240332572747,0.014708700007759035,48,[],"[39, 38]"
41,39.18256848618013,0.015348799992352724,45,[],"[38, 36]"
42,39.66817896706903,0.015398600022308528,1,[],"[39, 38]"
43,40.26092381715127,0.015751300030387938,15,[],[39]
44,40.84474325132837,0.015814999991562217,39,[],[40]
45,43.60011023481972,0.016746799985412508,45,[],"[44, 42]"
46,46.07918351575703,0.017828500014729798,17,[],[45]
47,46.77168279621139,0.01753180002560839,6,[],"[41, 45]"
48,48.01816781088643,0.018878899980336428,10,[],"[43, 45]"
49,51.25380842164103,0.018209600006230175,35,[],"[46, 48]"
50,52.83607227858286,0.018914999964181334,11,[],[47]
51,52.99920697956713,0.01886509999167174,44,[],[48]
52,55.56106869010367,0.01947880000807345,38,[],[49]
53,58.35821453181405,0.019406299979891628,13,[],"[50, 51]"
54,60.179602269236284,0.02027560002170503,44,[],"[51, 50]"
55,60.43774517735688,0.020627800025977194,48,[],"[53, 52]"
56,61.02497507433872,0.02166550001129508,46,[],"[53, 52]"
57,61.13131086790678,0.02226239995798096,35,[],[53]
58,61.361216650220044,0.02253349998500198,10,[],"[53, 52]"
59,63.09605758051437,0.022533299983479083,7,[],"[56, 54]"
60,63.19630121285793,0.021926700021140277,19,[],"[57, 55]"
61,63.39704417060612,0.02274099999340251,33,[],"[55, 56]"
62,64.51651748817923,0.022263100021518767,20,[],[55]
63,65.27628104923885,0.02355729998089373,25,[],[60]
64,65.29800251917321,0.024162599991541356,24,[],[60]
65,66.18277023031771,0.024190600030124187,12,[],"[60, 61]"
66,66.59413846895923,0.024280200013890862,35,[],"[60, 59]"
67,68.28726630077644,0.025561599992215633,16,[],[63]
68,69.25923900117812,0.025134199997410178,43,[],"[66, 64]"
69,70.74610943166863,0.02613100002054125,23,[],"[65, 64]"
70,71.4228886359009,0.026507999980822206,1,[],[65]
71,71.45059549808781,0.026957200025208294,26,[],"[65, 68]"
72,74.89594210415373,0.026682999974582344,31,[],[69]
73,76.70106978124336,0.027758099953643978,4,[],"[67, 69]"
74,77.51812878614668,0.027539199974853545,19,[],"[70, 71]"
75,78.3028495559206,0.030216099985409528,33,[],"[72, 70]"
76,79.71616007198043,0.028746999974828213,38,[],"[73, 74]"
77,80.05170630869999,0.030253099976107478,36,[],[74]
78,80.7251200446765,0.028315300005488098,25,[],"[74, 73]"
79,83.41524545784273,0.03150330000789836,34,[],"[75, 76]"
80,83.45221758444194,0.029796099988743663,8,[],"[77, 76]"
81,84.67869611943868,0.030962799966800958,6,[],"[76, 77]"
82,85.25030498249322,0.03301140002440661,22,[],"[78, 76]"
83,85.82723306596797,0.03159820003202185,45,[],"[78, 79]"
84,86.12927567296434,0.03450690000317991,13,[],"[78, 80]"
85,86.48159906687515,0.03348839998943731,18,[],"[79, 78]"
86,87.81678719315305,0.032674599962774664,4,[],"[81, 79]"
87,89.63646641126437,0.03315929998643696,5,[],"[83, 84]"
88,90.3514890613452,0.0334784000297077,38,[],"[86, 83]"
89,90.57575260800246,0.03417030000127852,28,[],"[85, 83]"
90,90.67640468054273,0.035018299997318536,28,[],"[83, 86]"
91,90.82527208036105,0.03903859999263659,1,[],[86]
92,91.5591930918155,0.03614229999948293,21,[],"[86, 84]"
1,0.0034213458095913064,0.0004941999795846641,41,[],[0]
2,0.0038048097282671507,0.0008141000289469957,25,[],[0]
3,0.021062388968055453,0.001281099976040423,6,[],[0]
4,0.033418017681852395,0.0014967000461183488,48,[],[0]
5,0.0485929937432786,0.0018189999973401427,5,[],[0]
6,0.05108184497225325,0.0023455999908037484,9,[],[0]
7,0.09548698393758581,0.002500500006135553,26,[],[0]
8,0.10843510344859614,0.0028856000280939043,21,[],[0]
9,0.11534703473836565,0.0032192000071518123,10,[],[0]
10,0.12905175870430693,0.0032817000173963606,2,[],[0]
11,0.15941338326951757,0.0038631000206805766,1,[],[0]
12,0.20265828221640958,0.0041714999824762344,16,[],[0]
13,0.2900558521778942,0.0043107999954372644,13,[],[0]
14,0.3024210247614495,0.004944399988744408,48,[],[0]
15,0.30652617003749694,0.005115100007969886,18,[],[0]
16,0.32503431440429525,0.0053950000437907875,9,[],[0]
17,0.33851270034514697,0.005793699994683266,11,[],[0]
18,0.33965029904402644,0.006614700017962605,10,[],[0]
19,0.34329879344934733,0.006072699965443462,4,[],[0]
20,0.41950551547124965,0.007100899994838983,21,[],[0]
21,0.42488273832307866,0.006992099981289357,48,[],[0]
22,0.4518229550780829,0.007826199987903237,29,[],[0]
23,0.525603644541148,0.007592000009026378,7,[],[0]
24,0.534058073429607,0.007965900003910065,31,[],[0]
25,0.5393279545919452,0.008671700023114681,8,[],[0]
26,0.5709665642851509,0.009046399965882301,23,[],[0]
27,0.6007577868368545,0.008676500001456589,27,[],[0]
28,0.6046526039526063,0.009544000029563904,38,[],[0]
29,0.6262052292503383,0.009663400007411838,0,[],[0]
30,0.6279118851230446,0.009713999985251576,8,[],[0]
31,0.6626326927361376,0.010717400000430644,47,[],[0]
32,0.665002921068208,0.013286300003528595,49,[],[0]
33,0.6659485415416319,0.01074289996176958,18,[],[0]
34,0.6715014757194973,0.011039900011382997,7,[],[0]
35,0.6870289691450675,0.012423000007402152,19,[],[0]
36,0.6925213767809362,0.012162099999841303,44,[],[0]
37,0.7158353081756815,0.017283599998336285,37,[],[0]
38,0.721994432761808,0.01273730001412332,43,[],[0]
39,0.7532825876354196,0.012539000017568469,37,[],[0]
40,0.7622390298310759,0.013075600028969347,23,[],[0]
41,0.8064369376703487,0.013018099998589605,18,[],[0]
42,0.8101471869396957,0.013809000025503337,24,[],[0]
43,0.816309177479815,0.014295400003902614,5,[],[0]
44,0.8461836776002929,0.015198900015093386,23,[],[0]
45,0.8579854339241191,0.015272799995727837,17,[],[0]
46,0.9835860695993305,0.015873299969825894,39,[],[0]
47,0.9968561928508552,0.015364399994723499,17,[],[0]
48,1.015040470583705,0.015833500016015023,37,[],[0]
49,1.0397176466129652,0.016298100003041327,5,[],[0]
50,1.1493881820973153,0.0168726000119932,25,[],[2]
51,1.2005487053565644,0.01798689999850467,19,[],[0]
52,1.2040788597176773,0.02276480000000447,18,[],[0]
53,1.2162283338422473,0.018116099992766976,28,[],[0]
54,1.2292532471766786,0.017351999995298684,3,[],[0]
55,1.2355048016995562,0.01781309995567426,8,[],[0]
56,1.239404403701358,0.017966599960345775,30,[],[0]
57,1.253687003797018,0.019084300030954182,24,[],[0]
58,1.2888586518411165,0.020565299957524985,28,[],[0]
59,1.293412307745015,0.019100300036370754,14,[],[0]
60,1.3012186046779495,0.02118390001123771,19,[],[0]
61,1.319972187815832,0.02102260000538081,17,[],[0]
62,1.3232085547472816,0.020464900007937104,17,[],[0]
63,1.3638177101023838,0.02190269995480776,21,[],[8]
64,1.3679802248300101,0.021912600030191243,8,[],[0]
65,1.3956130684280605,0.020985800016205758,39,[],[0]
66,1.4043140571418096,0.022035100031644106,35,[],[0]
67,1.44223550653666,0.021687300002668053,33,[],[0]
68,1.4897826373681424,0.02225079998606816,48,[],"[4, 21]"
69,1.5031774419369417,0.023100299993529916,44,[],[0]
70,1.505560873702032,0.02407899999525398,11,[],[17]
71,1.5058659376253525,0.023926699999719858,40,[],[0]
72,1.508732837281463,0.024422199989203364,23,[],[0]
73,1.5109480033161489,0.03197399998316541,29,[],[22]
74,1.529631641010075,0.026836100034415722,19,[],[0]
75,1.535884864122379,0.02454300003591925,20,[],[0]
76,1.5360461178398646,0.025810000021010637,7,[],[23]
77,1.5772428470666648,0.03233139996882528,1,[],[11]
78,1.60560593798044,0.03093609999632463,26,[],[7]
79,1.6277507375341316,0.026632799999788404,34,[],[0]
80,1.6298324516354552,0.027220299991313368,32,[],[0]
81,1.6320407402526793,0.027704000007361174,41,[],[1]
82,1.64781043193588,0.02895800000987947,22,[],[0]
83,1.654914731575028,0.028072799963410944,24,[],[0]
84,1.6654839781551773,0.02751609997358173,37,[],[0]
85,1.6775349027281505,0.028656299982685596,31,[],[24]
86,1.6823516645212755,0.030319900019094348,48,[],"[21, 14]"
87,1.6958092031512688,0.030385199992451817,46,[],[0]
88,1.714104140073185,0.02910340001108125,40,[],[0]
89,1.7619071652624823,0.029096399957779795,8,[],[30]
90,1.7678806193261674,0.029534900037106127,34,[],[0]
91,1.7827641162569772,0.030001600040122867,0,[],[29]
92,1.8030271911956075,0.03010930004529655,0,[],[29]
93,1.815309816558377,0.03005120001034811,25,[],[2]
94,1.8393271918920695,0.03222629998344928,30,[],[0]
95,1.8619885418184958,0.03174339997349307,43,[],[38]
96,1.8955102668302488,0.03370329999597743,39,[],[0]
97,1.9487367533508702,0.031369199976325035,5,[],[43]
98,1.963479253985323,0.03240760002518073,4,[],[19]
99,1.9673232866536898,0.03360259998589754,1,[],[11]
100,2.0226886021676367,0.03177470003720373,38,[],"[2, 28]"
101,2.0641163673201106,0.03383779997238889,28,[],"[5, 6]"
102,2.0846005134936085,0.03656759997829795,32,[],"[5, 2]"
103,2.0846904233386345,0.037654199986718595,32,[],"[1, 5]"
104,2.1134075452105168,0.03596000000834465,37,[],"[39, 5]"
105,2.130692888304237,0.03701219998765737,37,[],"[5, 4]"
106,2.1642280519075667,0.03921340004308149,40,[],"[11, 5]"
107,2.1699359913861485,0.03615880000870675,7,[],[23]
108,2.1715305325673104,0.04015169997001067,43,[],[5]
109,2.1750216765534756,0.03751560003729537,22,[],"[5, 3]"
110,2.1951235706549728,0.03817910002544522,19,[],[5]
111,2.1952497400425957,0.039564099977724254,10,[],"[18, 5]"
112,2.1978098086880444,0.03800960001535714,47,[],[5]
113,2.223626615104476,0.03949609998380765,27,[],[5]
114,2.2427494635571894,0.04443390003871173,37,[],[5]
115,2.2517480661597227,0.03925929998513311,20,[],[5]
116,2.272108171770965,0.042097700003068894,45,[],[5]
117,2.2803867405651403,0.040484299999661744,35,[],[5]
118,2.2971609245061266,0.04019859997788444,11,[],[5]
119,2.307767815937844,0.04752709995955229,10,[],[5]
120,2.3251726178797996,0.04445410001790151,22,[],[5]
121,2.3513989182062156,0.05041179998079315,19,[],[5]
122,2.3549602006669415,0.04476960003376007,43,[],[5]
123,2.3827606778071373,0.043343800003640354,23,[],[5]
124,2.390449652490637,0.043152400001417845,30,[],[5]
125,2.391313555137798,0.042724500002805144,35,[],[5]
126,2.4075149444731947,0.051634800038300455,17,[],[5]
127,2.429736038035814,0.04465850000269711,18,[],[5]
128,2.509562881786537,0.04525740002281964,1,[],[5]
129,2.5254542090030982,0.04507300001569092,27,[],[5]
130,2.550173493758519,0.04540699999779463,24,[],[5]
131,2.5538642653931385,0.045394199958536774,16,[],[5]
132,2.5546483325966642,0.04486630001338199,43,[],[5]
133,2.559653514163286,0.04452790005598217,14,[],[5]
134,2.581525976178719,0.04709540004841983,47,[],[5]
135,2.585487199931456,0.04652819997863844,28,[],[5]
136,2.5892306496172592,0.04759470000863075,25,[],[5]
137,2.599941501582367,0.0504250000230968,39,[],[5]
138,2.6378990095152592,0.050416600017342716,6,[],[5]
139,2.6398970779633575,0.060481099993921816,11,[],[5]
140,2.6602069675669693,0.06269019999308512,22,[],[5]
141,2.6868397251886265,0.050880499999038875,1,[],[5]
142,2.695019651000482,0.05016849999083206,41,[],[5]
143,2.7056744278812728,0.049142600037157536,6,[],[5]
144,2.7337708400825584,0.049265699984971434,13,[],[5]
145,2.759231606786019,0.05334240000229329,38,[],[5]
146,2.76893786195865,0.050941199995577335,14,[],[5]
147,2.8388239653667373,0.05088709999108687,4,[],[5]
148,2.8908754757876425,0.05236869998043403,26,[],[5]
149,2.8917495265343347,0.05264389998046681,24,[],[5]
150,2.8974027771433755,0.057433900015894324,35,[],[5]
151,2.940458231097522,0.05263529997318983,47,[],[5]
152,2.958873591463236,0.056718199979513884,49,[],[5]
153,2.9667248817131595,0.0527758999960497,47,[],[5]
154,3.0087118710936123,0.054495499993208796,22,[],[5]
155,3.0096959163568244,0.05400000000372529,12,[],[5]
156,3.088184792797039,0.05429210001602769,44,[],[5]
157,3.0978153840722893,0.05616630002623424,13,[],[5]
158,3.154227121419786,0.05412119999527931,17,[],[5]
159,3.1796766479204024,0.05828519997885451,25,[],[5]
160,3.218613566844097,0.05556629999773577,24,[],[5]
161,3.2479892749248775,0.06451920000836253,16,[],[5]
162,3.252367556027998,0.06447470001876354,45,[],[5]
163,3.2586997390629198,0.057075300021097064,27,[],[113]
164,3.2888283728391015,0.05638129997532815,11,[],[5]
165,3.3050393824702438,0.055812799953855574,41,[],[5]
166,3.32752507600983,0.058798299985937774,30,[],[5]
167,3.3381709958569417,0.058096099994145334,9,[],[5]
168,3.3452268387577146,0.059447300038300455,45,[],[116]
169,3.3526115821751605,0.06024479999905452,40,[],[106]
170,3.357616079987641,0.0587705000070855,37,[],[105]
171,3.4189979340438277,0.060800100036431104,4,[],[5]
172,3.422260404841612,0.060082799987867475,2,[],[5]
173,3.474304839544454,0.060771599994041026,32,[],[102]
174,3.4785682320541165,0.06043760001193732,30,[],[124]
175,3.493669372705648,0.06067279999842867,3,[],[5]
176,3.4959551107686506,0.06129209999926388,13,[],[5]
177,3.50691065134921,0.08008659997722134,3,[],[5]
178,3.512119561122591,0.06916929996805266,38,[],[5]
179,3.5180541264368457,0.0614507999853231,23,[],[123]
180,3.5303776373796985,0.06277620000764728,14,[],[5]
181,3.536810431048487,0.06286319997161627,23,[],[123]
182,3.5428638118325466,0.06479199999012053,11,[],[118]
183,3.5464444690591383,0.07013969996478409,42,[],[5]
184,3.567080176734191,0.0641751000075601,12,[],[5]
185,3.6005326302304335,0.06635199999436736,24,[],[130]
186,3.6144989156357528,0.06701309996424243,33,[],[5]
187,3.630557761357061,0.0670661999611184,48,[],[5]
188,3.67780659756227,0.06948070001089945,24,[],[130]
189,3.720196340986876,0.0662241000100039,0,[],[5]
190,3.7357423708076145,0.0651128999888897,39,[],[137]
191,3.743998347009147,0.06605339999077842,21,[],[5]
192,3.7567142648158534,0.06707580003421754,49,[],[5]
193,3.7812232923974287,0.06624289997853339,23,[],[123]
194,3.801571998433402,0.06674300000304356,41,[],[142]
195,3.8020562613467015,0.0711252999608405,22,[],"[120, 109]"
196,3.8024333077539842,0.06819560000440106,38,[],[145]
197,3.84304982259207,0.07078379997983575,10,[],[111]
198,3.8531473071102824,0.0698528999928385,49,[],[5]
199,3.856291047313085,0.07018800004152581,38,[],[145]
200,3.893618376928555,0.07279140001628548,25,[],[136]
201,3.907218755003857,0.07183460000669584,34,[],[5]
202,3.9098864272698384,0.07126850000349805,35,[],"[117, 150]"
203,3.915793645938049,0.07136589998845011,46,[],[5]
204,3.926174715591975,0.07385059999069199,24,[],[130]
205,3.9282961400480763,0.07111610000720248,6,[],"[138, 143]"
206,3.9484879237299424,0.07257710001431406,1,[],[141]
207,3.9541843297611092,0.07116460002725944,4,[],[147]
208,3.9584983406998,0.07231949997367337,44,[],[5]
209,3.9606958063215725,0.07268459995975718,18,[],[127]
210,4.0085633670027425,0.07494170003337786,49,[],[152]
211,4.0312289379163255,0.07403059996431693,44,[],[5]
212,4.042489198073946,0.07409299997380003,2,[],[5]
213,4.073338075828638,0.0743271000101231,22,[],"[154, 109]"
214,4.090695496641807,0.07650279998779297,12,[],"[101, 155]"
215,4.119810537505384,0.09244949999265373,16,[],"[104, 103]"
216,4.128926049155361,0.07723799999803305,42,[],"[102, 101]"
217,4.1920665747115375,0.07911650004098192,17,[],"[126, 109]"
218,4.199700593116333,0.0790735999471508,29,[],"[112, 109]"
219,4.211004235415424,0.08583669998915866,37,[],"[109, 101]"
220,4.2755085662550645,0.08963000000221655,31,[],"[110, 112]"
221,4.310228171472069,0.08440269995480776,26,[],[101]
222,4.346402146214974,0.08083629998145625,15,[],[101]
223,4.376840713187721,0.08184859994798899,34,[],"[101, 120]"
224,4.386994802664041,0.07916690001729876,5,[],"[110, 104]"
225,4.471594158291418,0.08189260005019605,30,[],"[166, 104]"
226,4.473943261741662,0.08164649998070672,20,[],"[109, 110]"
227,4.49284145719966,0.08138280001003295,17,[],"[113, 122]"
228,4.498246229129146,0.08233160001691431,3,[],"[101, 109]"
229,4.516640290013987,0.08869709999999031,38,[],"[101, 178]"
230,4.529556155553706,0.08334830001695082,38,[],"[109, 115]"
231,4.530920183088049,0.09412439999869093,39,[],"[109, 101]"
232,4.600489993634181,0.08794339996529743,29,[],"[109, 101]"
233,4.60324600972698,0.0848831000039354,9,[],[109]
234,4.62187091226183,0.08395359996939078,0,[],[101]
235,4.652618004143972,0.0849319999688305,26,[],"[109, 101]"
236,4.666491491021326,0.08746380003867671,44,[],"[109, 101]"
237,4.705581899670995,0.08901649998733774,23,[],"[129, 101]"
238,4.720625436798668,0.08794430003035814,31,[],[109]
239,4.73614704504938,0.0882901000441052,0,[],"[109, 101]"
240,4.742301222957991,0.09196330001577735,36,[],[101]
241,4.766972885893075,0.08938870002748445,37,[],[101]
242,4.76852244715456,0.08940630004508421,3,[],"[101, 109]"
243,4.835942950153035,0.09022299997741356,29,[],[101]
244,4.892354631853602,0.09023580001667142,1,[],[101]
245,4.947251599992426,0.08796309999888763,6,[],[101]
246,4.9570922633522105,0.0896978999953717,36,[],"[109, 101]"
247,4.965031408446241,0.09084890002850443,38,[],[101]
248,5.00678439371311,0.08950360002927482,49,[],[101]
249,5.037426622898962,0.09403179999208078,47,[],[101]
250,5.082992549650755,0.09120229998370633,8,[],[101]
251,5.089966812016639,0.0932162000099197,33,[],[101]
252,5.109177248479144,0.09181959996931255,17,[],[101]
253,5.184430114566198,0.09292060002917424,13,[],[101]
254,5.196515146689384,0.0923464999650605,40,[],[101]
255,5.206164671239437,0.09375469997758046,24,[],[101]
256,5.20847290006809,0.09518810000736266,31,[],[101]
257,5.222713452508724,0.09582380001666024,3,[],[101]
258,5.2393345291628615,0.09459729999070987,22,[],[101]
259,5.304577586971934,0.09539430000586435,43,[],[101]
260,5.32919489688126,0.11115919996518642,28,[],[101]
261,5.333121771007245,0.09585100004915148,36,[],[101]
262,5.349062487337451,0.09637439996004105,0,[],[101]
263,5.37140527491837,0.09372089995304123,43,[],[101]
264,5.433715556822658,0.09519240004010499,4,[],[101]
265,5.446050250331114,0.09704490000149235,26,[],[221]
266,5.487075742526621,0.0982312000123784,47,[],[101]
267,5.493214485261616,0.09688480000477284,34,[],[223]
268,5.50384598351688,0.10332280001603067,38,[],[101]
269,5.511828132743498,0.09985870000673458,14,[],[101]
270,5.550342307619897,0.09877580002648756,25,[],[101]
271,5.562518762214766,0.09845659998245537,33,[],[101]
272,5.564364756098241,0.10139470000285655,23,[],[101]
273,5.5680008573953055,0.10106870002346113,10,[],[101]
274,5.583367231183068,0.10378040000796318,47,[],[101]
275,5.595720716288285,0.10078179999254644,1,[],[101]
276,5.5993427440746055,0.10053070000139996,18,[],[101]
277,5.603127054775728,0.1022948999889195,0,[],[101]
278,5.605030173732731,0.1020468000206165,20,[],[101]
279,5.611498923288125,0.1010464999708347,24,[],[101]
280,5.611659892723414,0.10219249996589497,6,[],[101]
281,5.613553915712944,0.11823589995037764,4,[],[101]
282,5.695284285237068,0.10524439997971058,20,[],[101]
283,5.697132893944583,0.10688919998938218,36,[],[101]
284,5.70127131918535,0.11192379996646196,23,[],[101]
285,5.726414063514622,0.10886959999334067,16,[],[101]
286,5.763429320540445,0.10958049999317154,18,[],[101]
287,5.832223041529154,0.10390199994435534,25,[],[101]
288,5.8425422280307995,0.1037295000278391,42,[],[216]
289,5.848033254203635,0.10827189998235554,7,[],[101]
290,5.857991509935371,0.1087476999964565,15,[],[222]
291,5.894579814276984,0.1082528000115417,26,[],[235]
292,5.951193459707292,0.12243479996686801,45,[],[101]
293,5.977608974454779,0.11222609999822453,5,[],[101]
294,6.026739413172992,0.11196589999599382,46,[],[101]
295,6.0272131855353175,0.11909819999709725,7,[],[101]
296,6.03241037940052,0.12262869998812675,18,[],[101]
297,6.071824443324747,0.12467170000309125,27,[],[101]
298,6.091082070022872,0.10901639994699508,5,[],[214]
299,6.114200400356979,0.11943979997886345,44,[],"[236, 214]"
300,6.13695873023828,0.11198200000217184,4,[],[216]
301,6.1392780368451785,0.11267870001029223,12,[],"[214, 216]"
302,6.147639377782568,0.11208769999211654,29,[],[216]
303,6.149241587838718,0.11270209995564073,17,[],"[214, 216]"
304,6.199594310561521,0.11185889999615029,25,[],[216]
305,6.201854504799668,0.11393510003108531,47,[],[216]
306,6.213755310766196,0.11524289997760206,36,[],"[214, 240]"
307,6.222067998055033,0.11443090002285317,32,[],[216]
308,6.274105379539499,0.11491410003509372,14,[],[216]
309,6.277958377310405,0.11611010000342503,20,[],[216]
310,6.295487599953167,0.11554609995801002,27,[],[216]
311,6.316470233261587,0.11572289996547624,14,[],[216]
312,6.341154320048165,0.11573309998493642,7,[],[216]
313,6.434337480753513,0.12372799997683614,4,[],[216]
314,6.4588280716098625,0.11893999995663762,9,[],[216]
315,6.472707780856755,0.11616869998397306,34,[],[216]
316,6.52150061199896,0.11607509996974841,48,[],[216]
317,6.607511525918109,0.1173059000284411,23,[],[216]
318,6.640588730896991,0.11935679998714477,49,[],[216]
319,6.655139861474263,0.1298642000183463,19,[],[216]
320,6.659345859033743,0.12151860003359616,27,[],[216]
321,6.667492922116976,0.11871690000407398,27,[],[216]
322,6.675607824574121,0.11831119999988005,48,[],[216]
323,6.680658109414932,0.11870349996024743,21,[],[216]
324,6.699036828879104,0.12475529999937862,32,[],[216]
325,6.699559936565155,0.11989590001758188,47,[],[216]
326,6.710791540740102,0.12893179996171966,8,[],[216]
327,6.721033346682688,0.11973669996950775,14,[],[216]
328,6.728574883308699,0.11941230000229552,11,[],[216]
329,6.757281392569056,0.12871249997988343,47,[],[216]
330,6.775020042097077,0.12343740003416315,18,[],[216]
331,6.8030173083740335,0.12883969995891675,5,[],[216]
332,6.821845833404372,0.12376410001888871,1,[],[216]
333,6.824184759625908,0.12352190003730357,24,[],[216]
334,6.8340439341357255,0.12726089998614043,38,[],[216]
335,6.883361668425024,0.12434809998376295,1,[],[216]
336,6.897973212956738,0.13032810000004247,29,[],[216]
337,6.923969746226806,0.14543680002680048,31,[],[216]
338,6.936414328981496,0.12218210002174601,0,[],[216]
339,6.946171041710074,0.13558139995438978,5,[],[216]
340,6.947120943719893,0.13238019996788353,22,[],[216]
341,6.975811236059524,0.12940219999291003,23,[],[216]
342,6.9771585266883145,0.13221339997835457,3,[],[216]
343,6.994873359448744,0.12784680002368987,21,[],[216]
344,7.00744804619427,0.1274752999888733,49,[],[216]
345,7.0432703528467036,0.12685890001012012,23,[],[216]
346,7.0462669023805775,0.12864429998444393,32,[],[216]
347,7.049275338979453,0.12944859999697655,16,[],[216]
348,7.077936216241287,0.1267507000011392,28,[],[216]
349,7.126806466814224,0.12784660002216697,27,[],[216]
350,7.21903777146269,0.12610009999480098,44,[],[216]
351,7.266346383528808,0.12813020002795383,13,[],[216]
352,7.30764212344657,0.12694240000564605,4,[],[300]
353,7.3312937597285845,0.13141740002902225,27,[],[310]
354,7.357482008562088,0.13058679999085143,49,[],[216]
355,7.389087221567107,0.1323283999809064,2,[],[216]
356,7.401451323828339,0.13227640005061403,45,[],[216]
357,7.41058116950626,0.13024539995240048,29,[],[302]
358,7.446604052861828,0.13421519997064024,12,[],[301]
359,7.468276993372967,0.1321837999857962,5,[],[216]
360,7.513291482291209,0.136882999970112,30,[],[216]
361,7.533313197559228,0.13316090003354475,12,[],[301]
362,7.551327497978089,0.13127110002096742,10,[],[216]
363,7.551883492984842,0.13647530000889674,44,[],[216]
364,7.553829423719799,0.14064110000617802,7,[],[312]
365,7.563713104855414,0.14243539999006316,34,[],[315]
366,7.606768203916897,0.1411904999986291,23,[],[216]
367,7.702525808264341,0.13336430001072586,39,[],[216]
368,7.70700257333422,0.13896119996206835,22,[],[216]
369,7.818872001084571,0.14412840001750737,0,[],[216]
370,7.830647663043534,0.13350369996624067,40,[],[216]
371,7.8460438327199435,0.1347434000344947,18,[],"[288, 330]"
372,7.8978409880778635,0.13595329999225214,22,[],[288]
373,7.909920178420645,0.14117760001681745,26,[],[288]
374,7.911327675206708,0.14006720000179484,15,[],[288]
375,7.9230266331316095,0.1383030999568291,33,[],[288]
376,7.925532945043519,0.14052099996479228,26,[],[288]
377,7.928019774683432,0.14315589994657785,45,[],[288]
378,7.943012855198165,0.1381317999912426,15,[],[288]
379,7.94689611675494,0.14087609999114648,8,[],[288]
380,7.953132761661426,0.14663380000274628,47,[],[288]
381,7.954410145063452,0.14594650000799447,1,[],[288]
382,7.955546014068863,0.14075989997945726,45,[],[288]
383,7.997097192459196,0.14389019994996488,1,[],[288]
384,8.008047007747187,0.140204299998004,47,[],[288]
385,8.045594406600236,0.1450784999760799,5,[],[288]
386,8.101390281874586,0.14639870001701638,1,[],[288]
387,8.143411606441,0.15067659999476746,23,[],[288]
388,8.170739788563147,0.152186100021936,21,[],[288]
389,8.189490916624214,0.14646090002497658,49,[],[288]
390,8.189584337468172,0.14362020004773512,49,[],[288]
391,8.212967222622517,0.14605779998237267,42,[],[288]
392,8.245544200807432,0.14440619997913018,20,[],[288]
393,8.28416021505408,0.14663450000807643,3,[],[288]
394,8.307464650551394,0.1490382999763824,33,[],[288]
395,8.315275246564845,0.14674070000182837,41,[],[288]
396,8.31607975192321,0.1531175000127405,45,[],[288]
397,8.367512125712901,0.14821340003982186,17,[],[288]
398,8.377434045317342,0.14596710004843771,15,[],[288]
399,8.391426869897462,0.14714630000526085,36,[],[288]
400,8.406547786241694,0.15771170001244172,12,[],[288]
401,8.41869045845757,0.1488460999680683,6,[],[288]
402,8.433662918190434,0.15020780003396794,4,[],[288]
403,8.436718798317862,0.1503413000027649,1,[],[288]
404,8.43726980400681,0.15103059995453805,4,[],[288]
405,8.448255222385779,0.15296939999097958,19,[],[288]
406,8.453959000071004,0.1505650000181049,46,[],[288]
407,8.45940190220049,0.15085569996153936,45,[],[288]
408,8.496989585583037,0.15423830004874617,2,[],[288]
409,8.500521256126312,0.15271940000820905,16,[],[288]
410,8.520067692929373,0.1540520999697037,22,[],[288]
411,8.602546656212981,0.1504735000198707,2,[],[288]
412,8.604160223107977,0.15220300003420562,29,[],[288]
413,8.614617838086236,0.1534840000094846,48,[],[288]
414,8.621171296029585,0.15103470004396513,29,[],[288]
415,8.62802210202118,0.15316950000124052,33,[],[288]
416,8.635535021324285,0.15170610003406182,46,[],[288]
417,8.642613566129683,0.15441010001813993,34,[],[288]
418,8.686092988582782,0.16183280001860112,45,[],[288]
419,8.705056941188541,0.15304889995604753,48,[],[288]
420,8.707321880873923,0.156702000007499,38,[],[288]
421,8.752031945160212,0.1667569000273943,33,[],[288]
422,8.755081231951806,0.1768650999874808,17,[],[288]
423,8.765489565736456,0.1576352000120096,40,[],[288]
424,8.785263108490124,0.15696130000287667,15,[],[288]
425,8.788845561950932,0.15527580003254116,34,[],[288]
426,8.893220168994972,0.1578208000282757,25,[],[288]
427,8.90724532343724,0.1597196999937296,23,[],[288]
428,8.909723349540355,0.15796150005189702,48,[],[288]
429,8.930269997056655,0.15940499998396263,4,[],[288]
430,8.949301970862274,0.16139740002108738,45,[],[377]
431,8.965730891219717,0.16216080001322553,20,[],[288]
432,8.973380814027458,0.15969209995819256,31,[],[288]
433,9.0090594734393,0.16034110001055524,10,[],[288]
434,9.019801774120083,0.16051739995600656,0,[],[288]
435,9.03733462173176,0.1665445999824442,16,[],[288]
436,9.04196161439137,0.16397839999990538,40,[],[288]
437,9.045206917125315,0.1655460000038147,43,[],[288]
438,9.060420797100424,0.17543530004331842,13,[],[288]
439,9.06876497757468,0.16174860001774505,8,[],[379]
440,9.07743209443616,0.16280039999401197,35,[],[288]
441,9.129094525659681,0.16190030000871047,34,[],[288]
442,9.173736952935108,0.15956780000124127,49,[],[288]
443,9.288644447437052,0.16747960000066087,37,[],[288]
444,9.293714202537737,0.17337219999171793,33,[],[375]
445,9.331445393439104,0.17404850001912564,15,[],"[378, 374]"
446,9.343043569311366,0.16635459999088198,0,[],[288]
447,9.364680174188226,0.16738009999971837,26,[],"[373, 376]"
448,9.366169528268435,0.17698400001972914,43,[],[288]
449,9.375460694636816,0.1685134000144899,48,[],[288]
450,9.413413576568304,0.18054770003072917,38,[],[288]
451,9.449457190066369,0.176028200017754,2,[],[288]
452,9.454700322791721,0.1714454999892041,4,[],"[402, 404]"
453,9.496635651471058,0.16837430000305176,13,[],[288]
454,9.501690126392388,0.16885560000082478,30,[],[288]
455,9.510046146347909,0.1658684000140056,33,[],[394]
456,9.525624067663028,0.1692563000251539,38,[],[288]
457,9.529635319601306,0.17136879998724908,37,[],[288]
458,9.541828414319667,0.1752676999894902,22,[],[410]
459,9.548465778684482,0.1666450999910012,41,[],[395]
460,9.607531105836376,0.17882979998830706,20,[],[392]
461,9.62371110532639,0.17557829996803775,1,[],"[383, 381]"
462,9.657765770036418,0.1698974000173621,19,[],[405]
463,9.674107070798044,0.17405510001117364,11,[],[288]
464,9.67869613972275,0.1729180999682285,26,[],"[373, 376]"
465,9.694958195840448,0.17482090002158657,41,[],[395]
466,9.697308541777886,0.17361680004978552,9,[],[288]
467,9.768597280716447,0.1699364999658428,38,[],[420]
468,9.8987668383524,0.18006400001468137,33,[],"[372, 375]"
469,9.940425519737229,0.17516530002467334,17,[],"[422, 372]"
470,9.95157759467396,0.17380469996714965,34,[],"[425, 371]"
471,9.97976403328313,0.176610000024084,15,[],"[375, 381]"
472,9.9866158322093,0.17268889996921644,24,[],"[372, 374]"
473,10.033573192293067,0.17498810001416132,43,[],"[380, 372]"
474,10.039976277956923,0.1747219999670051,45,[],"[372, 378]"
475,10.084301368298522,0.17475260002538562,31,[],[372]
476,10.098352286920111,0.17202110000653192,37,[],"[380, 371]"
477,10.13724912285572,0.18005670001730323,3,[],"[371, 372]"
478,10.137571298509396,0.1750164999975823,40,[],[372]
479,10.142492390666366,0.17786659998819232,10,[],"[381, 372]"
480,10.199288634115655,0.18075840000528842,13,[],"[388, 372]"
481,10.21037262433694,0.17753780004568398,14,[],"[380, 384]"
482,10.222963742372466,0.17790179996518418,39,[],[372]
483,10.267099990253072,0.18623089999891818,37,[],[372]
484,10.278976916364405,0.1780576000455767,14,[],[372]
485,10.304848983445572,0.17983310000272468,33,[],[372]
486,10.343518631877913,0.17739930003881454,2,[],[372]
487,10.366329146401911,0.18428780004614964,34,[],[372]
488,10.37487175109288,0.18356850004056469,5,[],[372]
489,10.409068998226305,0.1859447000315413,14,[],[372]
490,10.439158304666995,0.17850560002261773,14,[],[372]
491,10.458573736943565,0.17893209995236248,5,[],[372]
492,10.460853908861148,0.18304079998051748,5,[],[372]
493,10.495709895558003,0.18376059998990968,32,[],[372]
494,10.532965728285653,0.18400250002741814,43,[],[372]
495,10.54462866818517,0.18269319995306432,45,[],[372]
496,10.549723785300484,0.1841535999556072,11,[],[372]
497,10.561804245191151,0.18766980001237243,37,[],[372]
498,10.564215214065902,0.18357439996907488,48,[],[372]
499,10.565112823958367,0.19231780001427978,15,[],[372]
500,10.572335391064835,0.19384530000388622,45,[],[372]
501,10.573477052723169,0.188432399998419,15,[],[372]
502,10.591504985462501,0.1825912999920547,25,[],[372]
503,10.605915533300076,0.20210960000986233,12,[],[372]
504,10.630055916647732,0.19450739998137578,40,[],[372]
505,10.663583066208188,0.1898197999689728,21,[],[372]
506,10.66458082403858,0.19568329997127876,23,[],[372]
507,10.665863117350488,0.1941101000411436,47,[],[372]
508,10.755977192076406,0.19417249999241903,33,[],[372]
509,10.76322904003507,0.18793620000360534,42,[],[372]
510,10.811368626021999,0.19014710001647472,1,[],[372]
511,10.813651458006442,0.19559059996390715,1,[],[372]
512,10.8421149351919,0.18901230004848912,43,[],[372]
513,10.848267272991132,0.20763479999732226,39,[],[372]
514,10.855454932241523,0.2140388999832794,45,[],[372]
515,10.860759350788312,0.19362430000910535,26,[],[372]
516,10.906624494051496,0.19370079995132983,43,[],[372]
517,10.918052284530892,0.19768610002938658,5,[],[372]
518,10.932180998292882,0.20253469998715445,47,[],[372]
519,10.934085361784025,0.19880229997215793,39,[],[372]
520,10.941915462790005,0.19602390000363812,28,[],[372]
521,10.942452657602475,0.19418140000198036,44,[],[372]
522,10.952844190199468,0.19473149999976158,45,[],[372]
523,10.981737798939717,0.19225079996977001,34,[],[372]
524,10.985856170277726,0.20659150002757087,38,[],[372]
525,11.005581869900446,0.19722500001080334,46,[],[372]
526,11.02703349762445,0.19870290003018454,30,[],[372]
527,11.032145167576306,0.19966329995077103,8,[],[372]
528,11.055079318700002,0.19498299999395385,28,[],[372]
529,11.092274079864959,0.1949005999485962,24,[],[472]
530,11.11622817029932,0.20033570000668988,20,[],[372]
531,11.147255042551926,0.2022939999587834,47,[],[372]
532,11.157487222784011,0.19812749995617196,1,[],[372]
533,11.165130916225221,0.19991640001535416,48,[],[372]
534,11.167509227634957,0.19731070002308115,10,[],[479]
535,11.189295606879528,0.20281809999141842,26,[],[372]
536,11.19464789887573,0.20550330000696704,5,[],[372]
537,11.198049420711888,0.19965740002226084,42,[],[372]
538,11.222431670533842,0.20240609999746084,43,[],[473]
539,11.248451900901518,0.20581419998779893,30,[],[372]
540,11.256231394431557,0.2003639999893494,29,[],[372]
541,11.365627273366758,0.20298290002392605,35,[],[372]
542,11.368531066766954,0.20604720001574606,4,[],[372]
543,11.380325850613836,0.20031770004425198,33,[],[485]
1,0.27837533424399497,20.49775340000633,5014,[],[0]
2,0.2843221952548345,39.93777920003049,8592,[],[0]
1,0.4660994361691916,0.007404899981338531,181,[],[0]
2,3.0259000072389357,0.012301299953833222,185,[],[1]
3,3.72573259777735,0.018157800019253045,17,[],[1]
4,4.12757577679267,0.023061000043526292,185,[],[2]
5,5.056703156900252,0.029565999982878566,55,[],[2]
6,5.928002704562523,0.03392750001512468,33,[],[2]
7,7.795282251611783,0.03985369997099042,138,[],"[5, 3]"
8,8.501415815101627,0.049373799993190914,132,[],[4]
9,9.907662941397716,0.05144219996873289,156,[],"[6, 4]"
10,9.947043567040364,0.05765669996617362,37,[],"[4, 7]"
11,9.998140923787451,0.06133799999952316,112,[],"[7, 4]"
12,10.136060255713298,0.0655096999835223,125,[],[4]
13,10.711918014608866,0.07510010001715273,26,[],"[7, 8]"
14,12.25668584735691,0.08493519999319687,81,[],"[12, 11]"
1,0.034207663194104974,0.006992199982050806,133,[],[0]
2,0.03491766495919828,0.012716899975202978,0,[],[0]
3,0.10068066511051987,0.017677800031378865,178,[],[0]
4,0.2697135450402357,0.022668899968266487,116,[],[0]
5,0.41694701411470686,0.03501439996762201,104,[],[0]
6,0.44460239933385837,0.03339799999957904,59,[],[0]
7,0.4529954808837154,0.03994549997150898,65,[],[0]
8,0.4906639880691083,0.045899499964434654,109,[],[0]
9,0.5562612381450588,0.049258199986070395,150,[],[0]
10,0.5737958075963514,0.05398209998384118,190,[],[0]
11,0.6041975200688579,0.061273899977095425,165,[],[0]
12,0.7062737464994886,0.06384400004753843,24,[],[0]
13,0.7285878607440067,0.06877729995176196,135,[],[0]
14,0.7656148347568078,0.07545810000738129,38,[],[0]
15,0.7971734066027005,0.08040550001896918,147,[],[0]
16,0.8142906938843187,0.08691949996864423,136,[],[0]
17,0.8295553498002262,0.09126209997339174,137,[],[0]
18,0.8476925244292111,0.0970940999686718,100,[],[0]
19,0.8486527606968121,0.1012580000096932,177,[],[0]
20,0.9257573865346802,0.10414040001342073,3,[],[0]
21,0.9275048267497364,0.11229090002598241,54,[],[0]
1,0.01564479867744839,0.007317799958400428,115,[],[0]
2,0.06850680188932462,0.012567900004796684,96,[],[0]
3,0.12033814398694138,0.01805309997871518,199,[],[0]
4,0.12163868957902965,0.024120000016409904,81,[],[0]
5,0.16955248475250162,0.029803300043568015,162,[],[0]
6,0.1804858894871434,0.034640600031707436,38,[],[0]
7,0.18794997638353592,0.03906969999661669,157,[],[0]
8,0.20848366843124427,0.04995479999342933,172,[],[0]
9,0.21297804067431764,0.05074400000739843,124,[],[0]
10,0.24408097089171818,0.056257400021422654,117,[],[0]
11,0.24538755906168222,0.06256419996498153,170,[],[0]
12,0.2526551910783765,0.06617609999375418,199,[],[0]
13,0.2784692030596019,0.07323149999137968,104,[],[0]
14,0.3235306131796344,0.08074230002239347,131,[],[0]
15,0.32554675305549624,0.08228400000371039,79,[],[0]
16,0.36106830438755233,0.0886624000268057,6,[],[0]
17,0.3627233596060202,0.0956811000360176,154,[],[0]
18,0.37199510409773223,0.09946719999425113,18,[],[0]
19,0.37399059862392414,0.12116530002094805,17,[],[0]
20,0.39466452033954696,0.1095560000394471,121,[],[0]
21,0.42838676000419373,0.11819760000798851,10,[],[0]
22,0.43578099834665385,0.12501380004687235,137,[],[0]
1,0.002514609477323507,0.007430900004692376,120,[],[0]
2,0.03082587316659718,0.012338499946054071,199,[],[0]
3,0.05580750353631568,0.01823410001816228,117,[],[0]
4,0.057492352138229716,0.02301529998658225,157,[],[0]
5,0.09267100121338058,0.028445300005842,120,[],[0]
6,0.09677766481967368,0.03380969999125227,148,[],[0]
7,0.11315253144577778,0.039506300003267825,187,[],[0]
8,0.11907977501686641,0.04357410001102835,8,[],[0]
9,0.14427747335386673,0.049917700001969934,44,[],[0]
10,0.14639266527500783,0.05633649998344481,6,[],[0]
11,0.17748142771171202,0.06062459998065606,196,[],[0]
12,0.18416807044982617,0.0649495999678038,6,[],[0]
13,0.2120418015965015,0.07138030003989115,145,[],[0]
14,0.27254625378265596,0.0771316000027582,156,[],[0]
15,0.28317472398922694,0.08032160002039745,28,[],[0]
16,0.3244457623631646,0.09074739995412529,33,[],[0]
17,0.35275504679574377,0.08935680001741275,130,[],[0]
18,0.4109156806077294,0.09500129998195916,101,[],[0]
19,0.4371948427576817,0.1049988999729976,43,[],[0]
20,0.45042541649295337,0.10597760003292933,63,[],[0]
21,0.45981901290982224,0.11328869999852031,54,[],[0]
22,0.46038814400498995,0.11344980000285432,152,[],[0]
23,0.4754831048727317,0.13214559998596087,118,[],[0]
24,0.5110088804884154,0.1279235000256449,187,[],[0]
25,0.5520895200354369,0.13350910000735894,118,[],[0]
26,0.6385720990046498,0.1404445999651216,14,[],[0]
27,0.6479440274016388,0.14854860003106296,187,[],[0]
28,0.6623613123197143,0.14945920003810897,157,[],[0]
29,0.6789049550843241,0.15726729994639754,26,[],[0]
30,0.7102096415099534,0.16727620002347976,10,[],[0]
31,0.7318738363248662,0.16393510001944378,198,[],[0]
32,0.7478729448893476,0.17494419997092336,128,[],[0]
33,0.7579229914399089,0.17544960003579035,164,[],[0]
34,0.7630985988642124,0.1861852000001818,157,[],[0]
35,0.7982191222409271,0.19358449999708682,182,[],[0]
36,0.8164796840577377,0.1990665000048466,145,[],[0]
37,0.8675980074964996,0.19732249999651685,107,[],[0]
38,0.8787020975178892,0.20794470002874732,58,[],[0]
39,0.9013354017188484,0.2064513000077568,149,[],[0]
40,0.9897709656547333,0.21353910001926124,128,[],[0]
41,1.0086651715723371,0.22340109996730462,30,[],[0]
42,1.0136189185300812,0.21966709999833256,135,[],[0]
43,1.0538245707718203,0.23094709997531027,92,[],[0]
44,1.0563209089851535,0.2377503999741748,47,[],[0]
45,1.0795984198648898,0.2314452999853529,131,[],[0]
46,1.1878191782246077,0.24570169998332858,104,[],[0]
47,1.19473918115896,0.24856020003790036,20,[],[0]
48,1.1969956641610404,0.25200340000446886,47,[],[0]
49,1.2042163408830315,0.25811769999563694,169,[],[0]
50,1.2504677979349805,0.25875390000874177,72,[],[0]
51,1.2741065141997008,0.2645827000378631,154,[],[0]
1,1.8569271884692495,0.04518559999996796,103,[],[0]
2,2.257386236155178,0.0799111999804154,368,[],[0]
3,2.2659990661232725,0.11694969999371096,106,[],[0]
4,2.452829900751036,0.15457710000919178,183,[],[0]
5,6.848204659092187,0.18821200000820681,424,[],"[3, 4]"
6,6.943033959814668,0.21526610001455992,247,[],"[4, 2]"
7,8.090772304640264,0.24559940001927316,107,[],"[3, 2]"
8,8.853590269583762,0.2943913000053726,194,[],[5]
9,9.925588081430025,0.3321050999802537,13,[],[5]
1,0.2795584410817761,0.05130039999494329,450,[],[0]
2,0.41382105987083967,0.08948840002994984,408,[],[0]
3,0.43263994425801783,0.12567889998899773,354,[],[0]
4,0.4379926912951161,0.15728790004504845,372,[],[0]
5,1.1047183981088209,0.18271009996533394,33,[],[0]
6,1.2024126322733528,0.23210600001038983,186,[],[0]
7,1.3624952798940626,0.2577239000238478,462,[],[0]
8,1.4107154564425368,0.29526980000082403,436,[],[0]
9,1.7163954350753712,0.33086200000252575,6,[],[0]
10,1.7825532111493148,0.37729929998749867,24,[],[0]
11,1.7857324037891078,0.40509709995239973,432,[],[0]
12,1.8119344318799564,0.43676230002893135,490,[],[0]
13,1.8459355707708678,0.46397699997760355,23,[],[0]
14,2.0458951161708927,0.5087798000313342,248,[],[0]
15,2.2166882969889294,0.5461836000322364,298,[],[0]
16,2.303547659758402,0.5638991000014357,92,[],[1]
17,2.3639319704205732,0.6100404000026174,24,[],[1]
18,3.4123787683290714,0.6595094000222161,41,[],"[7, 1]"
19,3.9778692320851357,0.6920121999573894,54,[],"[7, 11]"
1,0.04216531913237899,0.047449099947698414,398,[],[0]
2,0.07728382580735965,0.08314599998993799,320,[],[0]
3,0.08192419107576338,0.11625890003051609,140,[],[0]
4,0.12620684391425951,0.1498509999946691,303,[],[0]
5,0.15084489315107083,0.18491019995417446,109,[],[0]
6,0.2631421016538652,0.21758599998429418,407,[],[0]
7,0.30604450610214967,0.2565748000051826,65,[],[0]
8,0.3549913736377814,0.2844895999878645,429,[],[0]
1,0.0012341423497259512,0.05127789999824017,402,[],[0]
2,0.0027982650366020403,0.07806189998518676,466,[],[0]
3,0.022550214952979777,0.11233140004333109,310,[],[0]
4,0.031112686197008174,0.15187900001183152,178,[],[0]
5,0.04284741025745775,0.18454009998822585,214,[],[0]
6,0.055427808587791366,0.216887200018391,65,[],[0]
7,0.08472876370760843,0.2470212999614887,489,[],[0]
8,0.11170624693021411,0.2849399999831803,102,[],[0]
9,0.1645323265431806,0.32076249999227,203,[],[0]
10,0.17514130607401673,0.355774299998302,416,[],[0]
11,0.1822550509351618,0.3788866000249982,316,[],[0]
12,0.20901268019175293,0.41022109996993095,378,[],[0]
13,0.23344235980621503,0.4515230000251904,442,[],[0]
14,0.2437394286858732,0.47678690002067015,431,[],[0]
15,0.24666330165688943,0.5128166999784298,332,[],[0]
16,0.2536418692269381,0.5378288000356406,8,[],[0]
17,0.25623656748018153,0.5784709000145085,448,[],[0]
18,0.2859693711590082,0.6231435999507084,297,[],[0]
19,0.294309113204828,0.6429280000156723,9,[],[0]
20,0.2995583903696967,0.6880329000414349,444,[],[0]
1,5.810642069339334,0.18662530003348365,270,[],[0]
2,7.094379064445593,0.3228858999791555,852,[],[0]
3,9.691365752236596,0.4683806999819353,534,[],"[1, 2]"
4,13.07977090016062,0.6120078000240028,37,[],[3]
1,0.2972498680962861,0.18086789996596053,705,[],[0]
2,0.5633607261912674,0.3200399999623187,898,[],[0]
3,1.0823124899349268,0.4672788000316359,221,[],[0]
4,1.1567355885506392,0.6029092000098899,148,[],[0]
1,0.13559339386987102,0.18609070003731176,594,[],[0]
2,0.17357352703761558,0.31835950003005564,610,[],[0]
3,0.22999955072581219,0.4614008999778889,97,[],[0]
4,0.2511862081690902,0.5979957999661565,861,[],[0]
5,0.30968465233585624,0.739464099984616,195,[],[0]
6,0.3603333846834488,0.8704181999783032,402,[],[0]
7,0.48420587353292005,1.009878100012429,552,[],[0]
8,0.4990195676029276,1.135826600017026,851,[],[0]
9,0.5222888216141475,1.275535399967339,525,[],[0]
10,0.5282408419326825,1.404589899990242,729,[],[0]
1,1.278381078959475,0.8048803000128828,235,[],[0]
2,1.791278734382137,1.3577457999926992,1,[],[0]
3,2.1284609619137753,1.912698799977079,208,[],[0]
4,2.1960916173578355,2.5186615999555215,1740,[],[0]
1,0.06474679781905865,0.7576243000221439,872,[],[0]
2,0.17254076652095346,1.3318812000215985,1671,[],[0]
3,0.2463975085907416,1.9180170999607071,436,[],[0]
4,0.7029685273514541,2.4849846999859437,706,[],[0]
5,1.2325732278552386,3.10490870004287,1228,[],[0]
6,1.8715362857931872,3.6553735000197776,1714,[],[0]
7,2.2062021998685473,4.2376149000483565,630,[],[1]
8,2.5543897938116835,4.864168400003109,106,[],[1]
9,2.901563060135605,5.501671199977864,1281,[],[1]
1,0.042788047204584435,1.7256484999670647,1303,[],[0]
2,0.19313950663851928,3.0451929999981076,2825,[],[0]
1,0.7264703658417294,3.0470335999852978,3639,[],[0]
1,0.01977380128835545,3.028048600011971,2306,[],[0]
1,0.118506656107253,3.0734865999547765,173,[],[0]
1,0.054090369933596054,3.070169900020119,3556,[],[0]
1,0.9666336028188561,4.863875199982431,1881,[],[0]
1,0.035284973555586296,4.843394600029569,999,[],[0]
2,0.04271614052918881,8.3646643999964,2453,[],[0]
1,0.8039839943294131,7.049431999970693,879,[],[0]
1,0.6135555167396229,6.96378430002369,4409,[],[0]
2,1.29077284697923,12.296929300006013,1267,[],[0]
1,0.9591360022854761,10.084749500034377,778,[],[0]
1,0.13269465461140623,9.772003100020811,4287,[],[0]
1,0.019438650066983552,15.624777999997605,2141,[],[0]
2,0.02388303703201365,31.176692600012757,1496,[],[0]
3,0.028349942388816406,44.61696459999075,6067,[],[0]
4,0.04037386354613307,50.84390059998259,6723,[],[0]
5,0.0653306489931223,63.76016669999808,7354,[],[0]
6,0.06697328823537729,78.32352450001054,7686,[],[0]
7,0.07706614182113578,89.80695570004173,3523,[],[0]
8,0.09713831230071257,103.74213679996319,5515,[],[0]
1,0.011492706781356632,0.0028643000005104113,8,[],[0]
2,0.023489054970430696,0.005215700000007928,78,[],[0]
3,0.03532795470495326,0.007190999999693304,56,[],[0]
4,0.03600189138157226,0.010552899999311194,29,[],[0]
5,0.05216232967125763,0.01130360000024666,11,[],[0]
6,0.0614457695270551,0.013154000000213273,79,[],[0]
7,0.07465275904580668,0.015222799999719427,46,[],[0]
8,0.1027091388977622,0.017011400000228605,0,[],[0]
9,0.1100477168556406,0.01972699999987526,14,[],[0]
10,0.11711716471143457,0.022908499999175547,22,[],[0]
11,0.1291992817753174,0.02262479999990319,59,[],[0]
12,0.13014856938934435,0.02460810000047786,5,[],[0]
13,0.1733726178231117,0.028408599999238504,88,[],[0]
14,0.2459976623907752,0.03034139999999752,50,[],[0]
15,0.25278603251805243,0.03306369999972958,12,[],[0]
16,0.3391500230709236,0.03296109999973851,82,[],[0]
17,0.34176740272240036,0.03634479999982432,95,[],[0]
18,0.3781767951016697,0.039822300000196265,25,[],[0]
19,0.38907843274409565,0.04098599999997532,46,[],[0]
20,0.4068730439427393,0.04169499999989057,76,[],[0]
21,0.5137481187138376,0.04664690000026894,86,[],[0]
22,0.5426434042697559,0.04562960000021121,43,[],[0]
23,0.6012557181115119,0.049705500000527536,15,[],[0]
24,0.6490174070195079,0.04820850000032806,93,[],[0]
25,0.6719004541002151,0.05034909999994852,59,[],[0]
26,0.6764214320642243,0.05421370000021852,2,[],[0]
27,0.698491108260262,0.05835970000043744,27,[],[0]
28,0.7086453954518174,0.0582365000000209,66,[],[0]
29,0.7170525657264138,0.06050909999976284,32,[],[0]
30,0.7361555926456943,0.06596860000081506,71,[],[0]
31,0.7523457769977927,0.06326850000004924,46,[],[0]
32,0.7663518166650529,0.06600439999965602,30,[],[0]
33,0.7669986700532551,0.0754664000005505,14,[],[0]
34,0.8311302868228687,0.0776028000000224,71,[],[0]
35,0.8514133926146328,0.07313860000067507,60,[],[0]
36,0.8522056391712578,0.0719691000003877,42,[],[0]
37,0.9156413388687411,0.07544230000075913,46,[],[0]
38,0.9402509042357077,0.07576960000005784,25,[],[0]
39,0.9642875507550276,0.08141219999924942,96,[],[0]
40,0.9810035463049239,0.08295559999987745,46,[],[0]
41,0.9916598341547804,0.08104869999988296,57,[],[0]
42,0.9974516756218167,0.08349099999941245,74,[],[0]
43,1.0056397405056687,0.09026889999950072,24,[],[0]
44,1.008250753998154,0.09345520000078977,92,[],[0]
45,1.0264122676602256,0.0916706999996677,0,[],[0]
46,1.0347449789596406,0.093661300000349,76,[],[0]
47,1.0636794984749516,0.1008350000001883,19,[],[0]
48,1.1441368466968156,0.09938529999999446,79,[],[6]
49,1.1557705984875992,0.10298690000036004,59,[],[11]
50,1.1753810665489524,0.10388520000014978,29,[],[4]
51,1.189322154185785,0.10738080000010086,22,[],[10]
52,1.2000114605106904,0.10413259999950242,75,[],[0]
53,1.2120811612310154,0.10398880000047939,10,[],[0]
54,1.2152381239037013,0.1130170000005819,76,[],[0]
55,1.224311021254819,0.11370199999964825,77,[],[0]
56,1.2539360954849577,0.10979690000021947,13,[],[0]
57,1.2781153204616589,0.11492049999924348,18,[],[0]
58,1.2804697537533756,0.11529169999994338,60,[],[0]
59,1.3001166006804439,0.11921340000026248,75,[],[0]
60,1.320812281949058,0.13062689999969734,59,[],[11]
61,1.3417729628348893,0.12627989999964484,65,[],[0]
62,1.361346206402939,0.13236400000005233,69,[],[0]
63,1.3744849553820795,0.12976079999953072,4,[],[0]
64,1.3984565430246212,0.13155439999991358,61,[],[0]
65,1.4072567888264287,0.13644659999954456,16,[],[0]
66,1.4095635482116018,0.13087009999981092,78,[],[2]
67,1.4276370965467644,0.13764770000034332,84,[],[0]
68,1.486726255679473,0.13934750000044005,69,[],[0]
69,1.5211912351786872,0.14698760000010225,9,[],[0]
70,1.5212851835944587,0.1440920000004553,58,[],[0]
71,1.5308836127203096,0.148415899999236,34,[],[0]
72,1.5591655228530072,0.15116370000032475,11,[],[5]
73,1.6851086044785177,0.14869929999986198,13,[],[0]
74,1.698228296245714,0.15059980000023643,31,[],[0]
75,1.7463206003494376,0.15160580000065238,37,[],[0]
76,1.7796610909052273,0.16657180000038352,42,[],[0]
77,1.7797829463451469,0.15765290000035748,33,[],[0]
78,1.858750676353554,0.15926149999995687,0,[],[8]
79,1.8672742659943562,0.16198129999975208,29,[],[4]
80,1.8993649762756866,0.17007840000042052,99,[],[0]
81,1.9249277844172108,0.16256260000045586,6,[],[0]
82,1.9293024235607836,0.16686939999999595,6,[],[0]
83,1.9308628328335187,0.1722169999993639,93,[],[24]
84,1.9469835668402944,0.169156899999507,38,[],[0]
85,1.9603127619125804,0.17138010000053328,3,[],[0]
86,1.9707690732617327,0.18115510000006907,95,[],[17]
87,1.9730458178872952,0.18263789999946312,49,[],[0]
88,1.9757632942100167,0.17851559999962774,52,[],[0]
89,1.9859145498932707,0.18609350000042468,95,[],[17]
90,2.075437965180376,0.1860657999995965,42,[],"[7, 5]"
91,2.0935770842454717,0.1974369999998089,30,[],"[7, 4]"
92,2.1427003446554367,0.18890170000031503,61,[],"[9, 11]"
93,2.1802329281229604,0.19488150000051974,44,[],"[11, 1]"
94,2.1986803668118693,0.20322100000066712,0,[],"[7, 12]"
95,2.2017455218356052,0.20662439999978233,42,[],[1]
96,2.251370545319728,0.19615179999982502,18,[],"[13, 7]"
97,2.257322877379054,0.2056113999997251,28,[],[7]
98,2.263369274842986,0.20352249999996275,61,[],"[7, 11]"
99,2.284938781300984,0.21575529999972787,37,[],[7]
100,2.307890062224797,0.20906230000036885,23,[],"[1, 7]"
101,2.3117146508510893,0.21677640000052634,35,[],"[9, 7]"
102,2.3245951730229977,0.2237228000003597,85,[],[7]
103,2.341523657861215,0.22164649999922403,11,[],"[2, 7]"
104,2.35116757363149,0.22544569999990927,89,[],[7]
105,2.385001080463258,0.22112399999969057,60,[],"[7, 16]"
106,2.411231405339234,0.22574429999986023,40,[],[7]
107,2.4134136523739285,0.22868900000048598,24,[],[7]
108,2.4380839564328785,0.23149730000022828,59,[],[7]
109,2.451178593923348,0.24253849999968224,78,[],[7]
