Transaction ID,Approved Transactions,Arrival Time,Exit Probability,Agent ID,Cumulative Weight Multi-Agent,Exit Probability Multi-Agent,Confirmation Confidence Multi-Agent
0,[],0,0,N/A,"{0: 201, 1: 201, 2: 201, 3: 201}","{0: 1, 1: 1, 2: 1, 3: 1}",{}
1,[0],1.7725522293831204,0,1,"{1: 195, 0: 195, 2: 195, 3: 195}","{0: 0.37754066879814546, 1: 0.37754066879814546, 2: 0.18242552380635632, 3: 0.37754066879814546}",{}
2,[0],2.3313585551841283,0,2,"{2: 198, 1: 196, 0: 196, 3: 196}","{0: 0.6224593312018546, 1: 0.6224593312018546, 2: 0.8175744761936437, 3: 0.6224593312018546}",{}
3,[0],3.1833613342521168,0,2,"{1: 1, 2: 1, 3: 1, 0: 1}","{0: 4.650998903861276e-43, 1: 4.650998903861276e-43, 2: 2.2473364630111345e-43, 3: 4.650998903861276e-43}",{}
4,[2],3.487073132766837,0,2,"{2: 191, 0: 191, 1: 191, 3: 191}","{0: 0.2388076000113039, 1: 0.20748644373395153, 2: 0.3136638631688991, 3: 0.2388076000113039}",{}
5,[2],3.573064985778144,0,2,"{2: 191, 3: 191, 1: 191, 0: 191}","{0: 0.2388076000113039, 1: 0.20748644373395153, 2: 0.3136638631688991, 3: 0.2388076000113039}",{}
6,"[1, 2]",5.308873861273547,0,1,"{1: 191, 2: 190, 0: 190, 3: 190}","{0: 0.4208484758858405, 1: 0.5161540582683932, 2: 0.3236104939955545, 3: 0.4208484758858405}",{}
7,[4],5.885935448030495,0,2,"{2: 188, 0: 188, 1: 188, 3: 188}","{0: 0.11940380000565196, 1: 0.10374322186697577, 2: 0.15683193158444955, 3: 0.11940380000565196}",{}
8,"[1, 4]",5.994912645328483,0,2,"{2: 188, 0: 188, 1: 188, 3: 188}","{0: 0.22094012409720376, 1: 0.17261627613067954, 2: 0.2058937112510969, 3: 0.22094012409720376}",{}
9,"[4, 1]",6.152898698582665,0,3,"{1: 1, 3: 1, 2: 1, 0: 1}","{0: 9.013381981880333e-42, 1: 7.041982253848288e-42, 2: 8.399554742517663e-42, 3: 9.013381981880333e-42}",{}
10,"[5, 6]",6.631635901743884,0,1,"{2: 190, 0: 190, 1: 190, 3: 190}","{0: 0.6596560758971444, 1: 0.7236405020023448, 2: 0.6372743571644537, 3: 0.6596560758971444}",{}
11,"[7, 8]",8.02835095097845,0,2,"{1: 187, 0: 187, 2: 187, 3: 187}","{0: 0.34034392410285574, 1: 0.2763594979976553, 2: 0.3627256428355464, 3: 0.34034392410285574}",{}
12,[10],11.157162673900128,0,2,"{3: 1, 0: 1, 2: 1, 1: 1}","{0: 7.183611190406166e-41, 1: 7.880397373654634e-41, 2: 6.939875748524554e-41, 3: 7.183611190406166e-41}",{}
13,[10],11.188593820268098,0,1,"{3: 1, 0: 1, 2: 1, 1: 1}","{0: 7.183611190406166e-41, 1: 7.880397373654634e-41, 2: 6.939875748524554e-41, 3: 7.183611190406166e-41}",{}
14,"[10, 11]",11.658750217324076,0,1,"{3: 186, 0: 186, 1: 186, 2: 186}","{0: 0.9881352873161446, 1: 0.9869844499939127, 2: 0.9885378496085834, 3: 0.9881352873161446}",{}
15,[10],12.114717028071217,0,2,"{3: 178, 0: 178, 1: 178, 2: 178}","{0: 0.01186471268385544, 1: 0.013015550006087508, 2: 0.011462150391416789, 3: 0.01186471268385544}",{}
16,[14],14.668655729296287,0,3,"{2: 185, 0: 185, 1: 185, 3: 185}","{0: 0.9881352873161446, 1: 0.9869844499939127, 2: 0.9885378496085834, 3: 0.9881352873161446}",{}
17,[16],18.058466010089532,0,2,"{2: 180, 3: 179, 0: 179, 1: 179}","{0: 0.7223847786394922, 1: 0.7215434491424669, 2: 0.8082033145913284, 3: 0.7223847786394922}",{}
18,[16],19.086451563948273,0,3,"{3: 3, 0: 3, 1: 3, 2: 3}","{0: 7.211098367280995e-39, 1: 7.202699920993449e-39, 2: 4.893349320394178e-39, 3: 7.211098367280995e-39}",{}
19,"[16, 15]",19.374545192640667,0,0,"{0: 177, 1: 177, 2: 177, 3: 177}","{0: 0.27761522136050787, 1: 0.27845655085753324, 2: 0.1917966854086717, 3: 0.27761522136050787}",{}
20,[17],19.823143356027874,0,2,"{1: 178, 0: 178, 2: 178, 3: 178}","{0: 0.6362744022013641, 1: 0.6355333616387676, 2: 0.7118631179040813, 3: 0.6362744022013641}",{}
21,[17],20.907803601701765,0,3,"{3: 174, 2: 174, 1: 174, 0: 174}","{0: 0.08611037643812804, 1: 0.08601008750369922, 2: 0.09634019668724705, 3: 0.08611037643812804}",{}
22,[18],21.363696235051233,0,0,"{3: 2, 0: 2, 1: 2, 2: 2}","{0: 7.211098367280995e-39, 1: 7.202699920993449e-39, 2: 4.893349320394178e-39, 3: 7.211098367280995e-39}",{}
23,"[19, 20]",22.003166242347987,0,1,"{1: 166, 3: 166, 0: 166, 2: 166}","{0: 0.016861124536925114, 1: 0.012076445390717502, 2: 0.016672385909454447, 3: 0.016861124536925114}",{}
24,"[19, 20]",22.3931594704889,0,1,"{1: 174, 0: 173, 2: 173, 3: 173}","{0: 0.5583637595720718, 1: 0.6593515773094674, 2: 0.5521135946213175, 3: 0.5583637595720718}",{}
25,[20],22.825588277518833,0,3,"{1: 1, 3: 1, 0: 1, 2: 1}","{0: 2.8674095367696146e-38, 1: 2.0511081323155558e-38, 2: 3.208054710500091e-38, 3: 2.8674095367696146e-38}",{}
26,[22],23.63767980164794,0,3,"{0: 1, 1: 1, 2: 1, 3: 1}","{0: 7.211098367280995e-39, 1: 7.202699920993449e-39, 2: 4.893349320394178e-39, 3: 7.211098367280995e-39}",{}
27,"[19, 20]",23.841319681194562,0,2,"{1: 172, 0: 172, 2: 172, 3: 172}","{0: 0.33866473945287495, 1: 0.24256188979611593, 2: 0.3348738227819811, 3: 0.33866473945287495}",{}
28,"[24, 21]",24.22169763992651,0,1,"{1: 173, 0: 173, 2: 173, 3: 173}","{0: 0.6444741360101999, 1: 0.7453616648131666, 2: 0.6484537913085645, 3: 0.6444741360101999}",{}
29,"[28, 27]",26.77172541175005,0,1,"{0: 167, 1: 167, 2: 167, 3: 167}","{0: 0.26440676657113793, 1: 0.2656935649815184, 2: 0.26445752620587737, 3: 0.26440676657113793}",{}
30,[28],27.57528593546933,0,1,"{0: 1, 1: 1, 2: 1, 3: 1}","{0: 2.567842791101993e-37, 1: 2.9698190676871134e-37, 2: 2.5836993299419237e-37, 3: 2.567842791101993e-37}",{}
31,"[28, 27]",28.021738444682313,0,3,"{1: 169, 0: 169, 2: 169, 3: 169}","{0: 0.7187321088919368, 1: 0.7222299896277641, 2: 0.7188700878846682, 3: 0.7187321088919368}",{}
32,"[29, 23]",29.987332830033118,0,0,"{1: 165, 0: 165, 2: 165, 3: 165}","{0: 0.18144358362204052, 1: 0.17745988415374994, 2: 0.1812864408028618, 3: 0.18144358362204052}",{}
33,[31],30.254828878447167,0,1,"{1: 166, 0: 165, 2: 165, 3: 165}","{0: 0.7187321088919368, 1: 0.7222299896277641, 2: 0.7188700878846682, 3: 0.7187321088919368}",{}
34,[31],31.07427984446674,0,0,"{2: 1, 3: 1, 1: 1, 0: 1}","{0: 2.8944548001069222e-36, 1: 1.76411950548311e-36, 2: 2.8950104646624422e-36, 3: 2.8944548001069222e-36}",{}
35,[31],31.414830798914757,0,2,"{2: 1, 3: 1, 1: 1, 0: 1}","{0: 2.8944548001069222e-36, 1: 1.76411950548311e-36, 2: 2.8950104646624422e-36, 3: 2.8944548001069222e-36}",{}
36,"[29, 33]",31.864598560044183,0,1,"{2: 164, 0: 164, 1: 164, 3: 164}","{0: 0.459190361931991, 1: 0.461425121032368, 2: 0.4592785152548041, 3: 0.459190361931991}",{}
37,"[33, 32]",32.5876114238054,0,1,"{2: 164, 0: 164, 1: 164, 3: 164}","{0: 0.540809638068009, 1: 0.538574878967632, 2: 0.5407214847451959, 3: 0.540809638068009}",{}
38,"[37, 36]",36.060809355136,0,2,"{3: 163, 0: 163, 1: 163, 2: 163}","{0: 1.0, 1: 1.0, 2: 1.0, 3: 1.0}",{}
39,[38],38.69193649928585,0,3,"{1: 158, 2: 158, 0: 158, 3: 158}","{0: 0.18242552380635632, 1: 0.18242552380635632, 2: 0.18242552380635632, 3: 0.18242552380635632}",{}
40,[38],40.305438171771314,0,2,"{1: 161, 0: 161, 2: 161, 3: 161}","{0: 0.8175744761936437, 1: 0.8175744761936437, 2: 0.8175744761936437, 3: 0.8175744761936437}",{}
41,[40],46.44751373607977,0,1,"{2: 160, 0: 160, 1: 160, 3: 160}","{0: 0.8175744761936437, 1: 0.8175744761936437, 2: 0.8175744761936437, 3: 0.8175744761936437}",{}
42,[41],51.12591057281486,0,2,"{0: 153, 1: 153, 2: 153, 3: 153}","{0: 0.0814497518810498, 1: 0.0814497518810498, 2: 0.0814497518810498, 3: 0.0814497518810498}",{}
43,[41],51.26233465055556,0,1,"{0: 154, 1: 154, 2: 154, 3: 154}","{0: 0.1342879384195346, 1: 0.1342879384195346, 2: 0.1342879384195346, 3: 0.1342879384195346}",{}
44,"[39, 41]",51.551433850698814,0,0,"{0: 157, 1: 157, 2: 157, 3: 157}","{0: 0.7842623096994157, 1: 0.7842623096994157, 2: 0.7842623096994157, 3: 0.7842623096994157}",{}
45,[44],53.755572379674135,0,0,"{1: 156, 0: 156, 2: 156, 3: 156}","{0: 0.7842623096994157, 1: 0.7842623096994157, 2: 0.7842623096994157, 3: 0.7842623096994157}",{}
46,"[42, 45]",57.023095774916406,0,1,"{2: 152, 0: 152, 1: 152, 3: 152}","{0: 0.6602401730264416, 1: 0.6602401730264416, 2: 0.6043779206014317, 3: 0.6602401730264416}",{}
47,"[43, 45]",58.12189931376572,0,2,"{2: 150, 1: 149, 0: 149, 3: 149}","{0: 0.21354982816678175, 1: 0.21354982816678175, 2: 0.2912271941292463, 3: 0.21354982816678175}",{}
48,[45],58.68321858515522,0,0,"{3: 146, 0: 146, 1: 146, 2: 146}","{0: 0.02881627826823038, 1: 0.02881627826823038, 2: 0.026035060487563547, 3: 0.02881627826823038}",{}
49,"[45, 43]",58.852530843290175,0,3,"{3: 147, 0: 147, 1: 147, 2: 147}","{0: 0.07856059144825321, 1: 0.07856059144825321, 2: 0.06498157046563659, 3: 0.07856059144825321}",{}
50,"[46, 47]",59.292039875884086,0,2,"{3: 1, 0: 1, 2: 1, 1: 1}","{0: 1.3780083690270058e-32, 1: 1.3780083690270058e-32, 2: 1.4509219022972806e-32, 3: 1.3780083690270058e-32}",{}
51,"[46, 43]",59.862464661347104,0,1,"{3: 146, 0: 146, 1: 146, 2: 146}","{0: 0.196399059669596, 1: 0.196399059669596, 2: 0.1759205113273131, 3: 0.196399059669596}",{}
52,"[46, 47]",60.55695339137215,0,1,"{0: 148, 1: 148, 2: 148, 3: 148}","{0: 0.6962240706139207, 1: 0.6962240706139207, 2: 0.7330628577194869, 3: 0.6962240706139207}",{}
53,"[48, 51]",62.13575233044714,0,3,"{2: 145, 0: 145, 1: 145, 3: 145}","{0: 0.2252153379378264, 1: 0.2252153379378264, 2: 0.20195557181487664, 3: 0.2252153379378264}",{}
54,"[49, 52]",62.6908744719462,0,0,"{1: 146, 0: 146, 2: 146, 3: 146}","{0: 0.7719509342136535, 1: 0.7719509342136535, 2: 0.7950607613997969, 3: 0.7719509342136535}",{}
55,"[53, 52]",64.38176925706814,0,2,"{3: 135, 0: 135, 1: 135, 2: 135}","{0: 0.006884498203353596, 1: 0.006884498203353596, 2: 0.0066160821030033104, 3: 0.006884498203353596}",{}
56,"[53, 54]",64.73964858486833,0,1,"{3: 143, 0: 143, 1: 143, 2: 143}","{0: 0.5126074395653691, 1: 0.5126074395653691, 2: 0.49849092809124207, 3: 0.5126074395653691}",{}
57,[54],65.44825047286166,0,1,"{3: 144, 0: 144, 1: 144, 2: 144}","{0: 0.48050806223127757, 1: 0.48050806223127757, 2: 0.49489298980575486, 3: 0.48050806223127757}",{}
58,"[57, 56]",68.01398620110938,0,3,"{3: 139, 2: 138, 0: 138, 1: 138}","{0: 0.8695725243395207, 1: 0.8074975650031458, 2: 0.8698075496367119, 3: 0.9143263792794272}",{}
59,[57],68.7570653406406,0,0,"{1: 1, 0: 1, 2: 1, 3: 1}","{0: 1.2358960878943819e-30, 1: 1.1476708999397609e-30, 2: 1.272895000319255e-30, 3: 7.881886149413523e-31}",{}
60,[58],69.1190771756077,0,3,"{0: 136, 1: 136, 2: 136, 3: 136}","{0: 0.8695725243395207, 1: 0.8074975650031458, 2: 0.8698075496367119, 3: 0.9143263792794272}",{}
61,"[56, 57]",69.42363632861418,0,1,"{1: 135, 0: 134, 3: 134, 2: 134}","{0: 0.11768384387626532, 1: 0.18017706099861908, 2: 0.11771565109142847, 3: 0.07505247958494615}",{}
62,"[57, 56]",69.91079449514362,0,2,"{2: 128, 3: 128, 0: 128, 1: 128}","{0: 0.0058591335808606485, 1: 0.0054408757948817684, 2: 0.005860717168856566, 3: 0.0037366429322734265}",{}
63,[58],70.03233425197604,0,2,"{2: 1, 3: 1, 0: 1, 1: 1}","{0: 6.943453341531383e-30, 1: 6.447790735175516e-30, 2: 6.945329996024768e-30, 3: 7.300808587851902e-30}",{}
64,[58],70.19624210958781,0,2,"{2: 1, 3: 1, 0: 1, 1: 1}","{0: 6.943453341531383e-30, 1: 6.447790735175516e-30, 2: 6.945329996024768e-30, 3: 7.300808587851902e-30}",{}
65,"[61, 55]",70.79929558110587,0,1,"{2: 134, 0: 134, 1: 134, 3: 134}","{0: 0.12456834207961892, 1: 0.18706155920197268, 2: 0.12433173319443178, 3: 0.08193697778829975}",{}
66,[60],71.44949896003396,0,0,"{3: 128, 0: 128, 1: 128, 2: 128}","{0: 0.03428239457609358, 1: 0.03183512515382091, 2: 0.034291660312703406, 3: 0.036046789460829017}",{}
67,[60],71.62548748910253,0,3,"{3: 133, 0: 133, 1: 133, 2: 133}","{0: 0.41764506488171355, 1: 0.38783121992466246, 2: 0.4177579446620042, 3: 0.43913979490929905}",{}
68,"[60, 65]",72.84759955614165,0,2,"{3: 133, 0: 133, 1: 133, 2: 133}","{0: 0.5422134069613325, 1: 0.5748927791266352, 2: 0.542089677856436, 3: 0.5210767726975988}",{}
69,"[67, 68]",75.12636767981662,0,3,"{2: 132, 0: 132, 1: 132, 3: 132}","{0: 0.9598584718430461, 1: 0.9627239990512977, 2: 0.9598476225184402, 3: 0.9602165676068979}",{}
70,"[69, 62]",79.27859873533289,0,2,"{2: 127, 0: 127, 1: 127, 3: 127}","{0: 0.6983002521868922, 1: 0.7809270063999904, 2: 0.7790298907750465, 3: 0.7772030063865772}",{}
71,"[69, 66]",79.91366410977189,0,0,"{0: 2, 1: 2, 3: 2, 2: 2}","{0: 9.310228989591442e-28, 1: 1.0880806525529007e-27, 2: 1.098381793064946e-27, 3: 1.1080556351277488e-27}",{}
72,[69],80.02448518011411,0,3,"{0: 119, 1: 119, 2: 119, 3: 119}","{0: 0.012682501480099227, 1: 0.01420352393138492, 2: 0.014161087383671998, 3: 0.014166530605611453}",{}
73,"[69, 66]",80.36879680664532,0,0,"{0: 125, 1: 124, 2: 124, 3: 124}","{0: 0.28901724633300885, 1: 0.204869469668625, 2: 0.2068090218412817, 3: 0.20863046300781146}",{}
74,[69],80.77826965634848,0,1,"{0: 1, 1: 1, 3: 1, 2: 1}","{0: 4.977115627691397e-28, 1: 5.574025048458465e-28, 2: 5.557371267251447e-28, 3: 5.559507403014755e-28}",{}
75,[70],81.36987434651383,0,2,"{1: 121, 0: 121, 2: 121, 3: 121}","{0: 0.12738778927930453, 1: 0.21002361908742867, 2: 0.20951340611475303, 3: 0.20902208123063948}",{}
76,"[70, 73]",81.48885292080264,0,0,"{0: 124, 1: 123, 2: 123, 3: 123}","{0: 0.8599297092405965, 1: 0.7757728569811867, 2: 0.7763255065015752, 3: 0.7768113881637493}",{}
77,[76],82.97085748999554,0,0,"{0: 121, 3: 120, 1: 120, 2: 120}","{0: 0.8599297092405965, 1: 0.7757728569811867, 2: 0.7763255065015752, 3: 0.7768113881637493}",{}
78,"[76, 75]",84.52808023926401,0,1,"{3: 1, 2: 1, 0: 1, 1: 1}","{0: 3.481970943030807e-26, 1: 5.540425108008237e-26, 2: 5.532766975118223e-26, 3: 4.078784922384159e-26}",{}
79,"[77, 72]",84.53519432999964,0,0,"{3: 118, 0: 118, 1: 118, 2: 118}","{0: 0.6413414924392431, 1: 0.5813389260957893, 2: 0.5817005087209322, 3: 0.4977000277520031}",{}
80,[76],84.56251023398582,0,1,"{3: 2, 2: 2, 0: 2, 1: 2}","{0: 2.046861800743735e-26, 1: 3.0444397866450385e-26, 2: 3.0466086021337475e-26, 3: 3.048515394116236e-26}",{}
81,"[71, 75]",84.74112980535537,0,3,"{3: 1, 0: 1, 1: 1, 2: 1}","{0: 2.3335887945810356e-26, 1: 3.8026871010143234e-26, 2: 3.7947436290863515e-26, 3: 2.3405724327594946e-26}",{}
82,"[77, 75]",85.5844373679505,0,3,"{3: 117, 0: 116, 1: 116, 2: 116}","{0: 0.3586585075607572, 1: 0.4186610739042109, 2: 0.418299491279068, 3: 0.5022999722479972}",{}
83,"[77, 75]",85.59703159573715,0,2,"{2: 1, 3: 1, 0: 1, 1: 1}","{0: 6.308057864310007e-26, 1: 7.363378322413146e-26, 2: 7.357018835396811e-26, 3: 5.358342190202791e-26}",{}
84,"[79, 82]",86.98300081706634,0,3,"{3: 116, 0: 115, 1: 115, 2: 115}","{0: 1.0000000000000002, 1: 1.0000000000000002, 2: 1.0000000000000002, 3: 1.0000000000000002}",{}
85,"[80, 79]",87.54693733908172,0,2,"{1: 1, 0: 1, 3: 1, 2: 1}","{0: 2.064421377183349e-25, 1: 1.9901862471055146e-25, 2: 1.9914516308058423e-25, 3: 1.18020246736821e-25}",{}
86,[84],88.83853480226422,0,3,"{0: 112, 1: 112, 2: 112, 3: 112}","{0: 0.9259392562016981, 1: 0.9259392562016981, 2: 0.9259392562016981, 3: 0.9259392562016981}",{}
87,[84],89.26581126457059,0,0,"{0: 106, 3: 106, 1: 106, 2: 106}","{0: 0.04609980105300303, 1: 0.04609980105300303, 2: 0.04609980105300303, 3: 0.04609980105300303}",{}
88,[84],90.02187969452504,0,1,"{1: 105, 0: 105, 2: 105, 3: 105}","{0: 0.027960942745299082, 1: 0.027960942745299082, 2: 0.027960942745299082, 3: 0.027960942745299082}",{}
89,[86],91.54753418102085,0,0,"{1: 1, 3: 1, 0: 1, 2: 1}","{0: 3.2709994725804823e-24, 1: 3.2709994725804823e-24, 2: 3.2709994725804823e-24, 3: 3.2709994725804823e-24}",{}
90,[86],91.60980539403916,0,3,"{1: 110, 0: 110, 2: 110, 3: 110}","{0: 0.9259392562016981, 1: 0.9259392562016981, 2: 0.9259392562016981, 3: 0.9259392562016981}",{}
91,[90],93.761228699395,0,1,"{3: 109, 0: 109, 1: 109, 2: 109}","{0: 0.9259392562016981, 1: 0.9259392562016981, 2: 0.9259392562016981, 3: 0.9259392562016981}",{}
92,[88],96.23269429219317,0,0,"{2: 100, 0: 100, 1: 100, 3: 100}","{0: 0.005100789626430724, 1: 0.005100789626430724, 2: 0.005100789626430724, 3: 0.005100789626430724}",{}
93,"[87, 91]",96.45029946121575,0,3,"{0: 105, 1: 105, 2: 105, 3: 105}","{0: 0.7230156375895405, 1: 0.7230156375895405, 2: 0.7230156375895405, 3: 0.7230156375895405}",{}
94,"[88, 91]",97.50883677460835,0,1,"{2: 103, 0: 103, 1: 103, 3: 103}","{0: 0.27188357278402914, 1: 0.27188357278402914, 2: 0.27188357278402914, 3: 0.27188357278402914}",{}
95,[93],99.426777076538,0,0,"{0: 1, 1: 1, 2: 1, 3: 1}","{0: 8.458168920718667e-23, 1: 8.458168920718667e-23, 2: 8.458168920718667e-23, 3: 8.458168920718667e-23}",{}
96,"[92, 94]",99.88301113261984,0,2,"{0: 99, 1: 99, 2: 99, 3: 99}","{0: 0.2769843624104599, 1: 0.2769843624104599, 2: 0.2769843624104599, 3: 0.2769843624104599}",{}
97,[93],99.98916500069662,0,0,"{0: 103, 1: 103, 2: 103, 3: 103}","{0: 0.7230156375895405, 1: 0.7230156375895405, 2: 0.7230156375895405, 3: 0.7230156375895405}",{}
98,[94],101.69618230292936,0,3,"{0: 3, 1: 3, 2: 3, 3: 3}","{0: 6.388443789513652e-22, 1: 6.388443789513652e-22, 2: 6.388443789513652e-22, 3: 6.388443789513652e-22}",{}
99,[97],103.09075774382414,0,0,"{0: 101, 3: 101, 1: 101, 2: 101}","{0: 0.5911191311820818, 1: 0.5911191311820818, 2: 0.5911191311820818, 3: 0.5911191311820818}",{}
100,"[96, 97]",103.4916776184162,0,1,"{3: 98, 0: 98, 1: 98, 2: 98}","{0: 0.4088808688179185, 1: 0.4088808688179185, 2: 0.4088808688179185, 3: 0.4088808688179185}",{}
101,[99],105.14156827426342,0,3,"{3: 100, 2: 99, 0: 99, 1: 99}","{0: 0.5911191311820818, 1: 0.5911191311820818, 2: 0.5911191311820818, 3: 0.5911191311820818}",{}
102,"[100, 101]",107.02429437812008,0,3,"{3: 94, 2: 93, 0: 93, 1: 93}","{0: 0.38365173119055085, 1: 0.38365173119055085, 2: 0.3333333333333334, 3: 0.5064803910556542}",{}
103,"[101, 98]",107.28371279232918,0,2,"{2: 1, 0: 1, 1: 1, 3: 1}","{0: 4.256855860841495e-21, 1: 4.256855860841495e-21, 2: 3.740436051142305e-21, 3: 3.472186339345498e-21}",{}
104,"[100, 101]",107.3073121222785,0,3,"{3: 93, 2: 93, 0: 93, 1: 93}","{0: 0.38365173119055085, 1: 0.38365173119055085, 2: 0.3333333333333334, 3: 0.3071958857184985}",{}
105,"[101, 100]",107.85405785971909,0,2,"{2: 93, 0: 92, 1: 92, 3: 92}","{0: 0.23269653761889872, 1: 0.23269653761889872, 2: 0.3333333333333334, 3: 0.18632372322584767}",{}
106,"[98, 101]",108.40719984302365,0,0,"{2: 1, 0: 1, 1: 1, 3: 1}","{0: 4.256855860841495e-21, 1: 4.256855860841495e-21, 2: 3.740436051142305e-21, 3: 3.472186339345498e-21}",{}
107,[102],109.00631495282224,0,3,"{0: 90, 1: 90, 2: 90, 3: 90}","{0: 0.14484413117924688, 1: 0.14484413117924688, 2: 0.08964714045666505, 3: 0.19121694557229796}",{}
108,"[105, 102]",109.31993466414738,0,2,"{2: 92, 0: 91, 1: 91, 3: 91}","{0: 0.4715041376302027, 1: 0.4715041376302027, 2: 0.5770195262100017, 3: 0.501587168709204}",{}
109,[104],110.35040229396269,0,2,"{2: 1, 0: 1, 1: 1, 3: 1}","{0: 1.810642531266616e-20, 1: 1.810642531266616e-20, 2: 1.5731650905087082e-20, 3: 1.4498095300807328e-20}",{}
110,"[108, 104]",110.97353996181734,0,2,"{2: 91, 0: 91, 1: 91, 3: 91}","{0: 0.8551558688207536, 1: 0.8551558688207536, 2: 0.9103528595433352, 3: 0.8087830544277024}",{}
111,[110],113.72373820557416,0,2,"{0: 87, 1: 87, 2: 87, 3: 87}","{0: 0.22998683485354654, 1: 0.4275779344103768, 2: 0.4551764297716676, 3: 0.4043915272138512}",{}
112,"[110, 107]",114.70438756969372,0,0,"{0: 89, 2: 87, 1: 87, 3: 87}","{0: 0.7700131651464539, 1: 0.5724220655896237, 2: 0.5448235702283326, 3: 0.5956084727861491}",{}
113,"[111, 112]",115.79855653789855,0,0,"{1: 77, 0: 77, 2: 77, 3: 77}","{0: 0.04042718982928098, 1: 0.04939858541905254, 2: 0.05065166321518779, 3: 0.04834583338856075}",{}
114,"[112, 111]",116.37367808503708,0,0,"{1: 82, 0: 82, 2: 82, 3: 82}","{0: 0.4925039959434284, 1: 0.6017979685349022, 2: 0.6170635812186115, 3: 0.5889728232813177}",{}
115,"[111, 112]",116.81217453759766,0,2,"{1: 1, 0: 1, 2: 1, 3: 1}","{0: 2.092331446914376e-18, 1: 2.5566509604510857e-18, 2: 2.621504691055555e-18, 3: 2.5021652000382866e-18}",{}
116,"[111, 112]",117.23499880242473,0,2,"{1: 72, 0: 72, 2: 72, 3: 72}","{0: 0.0033184658215046244, 1: 0.004054882816145475, 2: 0.004157741705316875, 3: 0.0039684676671712495}",{}
117,[112],117.29302292151526,0,1,"{1: 83, 0: 83, 2: 83, 3: 83}","{0: 0.46375034840578655, 1: 0.3447485632299004, 2: 0.32812701386088416, 3: 0.3587128756629508}",{}
118,[112],117.39437034805609,0,1,"{1: 1, 0: 1, 2: 1, 3: 1}","{0: 1.1949720071277098e-18, 1: 8.883333111736114e-19, 2: 8.455036156718282e-19, 3: 9.243159525099351e-19}",{}
119,"[114, 117]",124.0179859050537,0,1,"{0: 81, 1: 81, 2: 81, 3: 81}","{0: 0.956254344349215, 1: 0.9465465317648025, 2: 0.9451905950794957, 3: 0.9476856989442686}",{}
120,"[117, 113]",125.97894226978651,0,0,"{2: 1, 3: 1, 1: 1, 0: 1}","{0: 1.8708625131299535e-17, 1: 2.1305977669536068e-17, 2: 2.1668762340196503e-17, 3: 1.3726477686654415e-17}",{}
121,"[119, 113]",126.79279759849862,0,0,"{3: 1, 2: 1, 1: 1, 0: 1}","{0: 2.259612331286596e-16, 1: 2.2725512908647324e-16, 2: 2.2731910968681944e-16, 3: 1.631086775279261e-16}",{}
122,"[119, 116]",126.82467268554848,0,0,"{3: 71, 2: 71, 0: 71, 1: 71}","{0: 0.20581310894825433, 1: 0.20449381758827345, 2: 0.20419724206652992, 3: 0.1500860212279934}",{}
123,[119],126.85943010629745,0,2,"{2: 61, 3: 60, 0: 60, 1: 60}","{0: 0.0008275493239723747, 1: 0.0008191481137828947, 2: 0.0013478555511573917, 3: 0.0005971490445506115}",{}
124,"[113, 119]",126.86811608963399,0,3,"{3: 74, 0: 73, 1: 73, 2: 73}","{0: 0.5908646986010239, 1: 0.5942480995258159, 2: 0.5944154020210998, 3: 0.7031992761666341}",{}
125,[119],127.47436401986599,0,1,"{2: 71, 0: 71, 1: 71, 3: 71}","{0: 0.2024946431267497, 1: 0.20043893477212799, 2: 0.20003950036121304, 3: 0.14611755356082215}",{}
126,[124],127.95042523400379,0,3,"{3: 73, 2: 72, 0: 72, 1: 72}","{0: 0.5908646986010239, 1: 0.5942480995258159, 2: 0.5944154020210998, 3: 0.7031992761666341}",{}
127,[123],128.27269390733892,0,2,"{2: 60, 0: 60, 1: 60, 3: 60}","{0: 0.0008275493239723747, 1: 0.0008191481137828947, 2: 0.0013478555511573917, 3: 0.0005971490445506115}",{}
128,[126],129.39691431408448,0,3,"{2: 72, 0: 72, 1: 72, 3: 72}","{0: 0.5908646986010239, 1: 0.5942480995258159, 2: 0.5944154020210998, 3: 0.7031992761666341}",{}
129,"[125, 122]",131.57791796850572,0,2,"{0: 69, 1: 69, 2: 69, 3: 69}","{0: 0.30706043051162857, 1: 0.30471328497433686, 2: 0.30421699224713583, 3: 0.22314479800840403}",{}
130,"[128, 127]",131.6463941699864,0,2,"{0: 59, 1: 59, 2: 59, 3: 59}","{0: 0.004782118668131519, 1: 0.00479636205594876, 2: 0.005326189223983453, 3: 0.005303556969998897}",{}
131,"[125, 128]",131.71799529480015,0,1,"{0: 69, 1: 69, 2: 69, 3: 69}","{0: 0.6881574508202379, 1: 0.6904903529697124, 2: 0.6904568185288785, 3: 0.7715516450215949}",{}
132,"[122, 128]",133.2447336408237,0,0,"{1: 1, 3: 1, 0: 1, 2: 1}","{0: 2.2400434670239932e-15, 1: 2.2458121515303323e-15, 2: 2.2454436932467134e-15, 3: 2.397877980609999e-15}",{}
133,"[131, 129]",133.94086117721855,0,0,"{1: 64, 0: 64, 2: 64, 3: 64}","{0: 0.37573522451790137, 1: 0.37572984705973883, 2: 0.3755298157563715, 3: 0.3755383603526773}",{}
134,"[129, 131]",134.27841524388927,0,1,"{1: 1, 3: 1, 0: 1, 2: 1}","{0: 1.2934599092487025e-14, 1: 1.2934413974720765e-14, 2: 1.292752794289257e-14, 3: 1.2927822088664407e-14}",{}
135,"[131, 129]",134.3828804495023,0,2,"{3: 65, 0: 65, 1: 65, 2: 65}","{0: 0.6194826568139522, 1: 0.6194737908842974, 2: 0.6191439950196299, 3: 0.6191580826773088}",{}
136,[133],136.19699841042402,0,1,"{0: 43, 1: 43, 3: 43, 2: 43}","{0: 0.00012597723277666683, 1: 0.00012598551059842515, 2: 0.00012591843834934083, 3: 0.00012592130342736662}",{}
137,"[130, 135]",136.47927991064282,0,3,"{0: 1, 1: 1, 3: 1, 2: 1}","{0: 1.9535115466400594e-13, 1: 1.9537578738585022e-13, 2: 1.9587868270884273e-13, 3: 1.95857200883515e-13}",{}
138,"[133, 135]",136.48297935281948,0,0,"{0: 42, 1: 41, 2: 41, 3: 41}","{0: 0.00016854172013936158, 1: 0.0001022312364324663, 2: 0.00010217681049950286, 3: 0.00010217913537374958}",{}
139,"[133, 135]",136.67409428268977,0,3,"{0: 59, 1: 59, 2: 59, 3: 59}","{0: 0.8283435944313515, 1: 0.8283882888320767, 2: 0.8279472709294373, 3: 0.8279661095805797}",{}
140,"[135, 130]",137.17485994539484,0,0,"{0: 57, 1: 57, 2: 57, 3: 57}","{0: 0.17136188661552224, 1: 0.17138349442068201, 2: 0.17182463382150273, 3: 0.1718057899804083}",{}
141,[138],137.69554730286626,0,0,"{0: 41, 1: 41, 2: 41, 3: 41}","{0: 0.00016854172013936158, 1: 0.0001022312364324663, 2: 0.00010217681049950286, 3: 0.00010217913537374958}",{}
142,[139],139.08169710055463,0,0,"{0: 58, 1: 57, 2: 57, 3: 57}","{0: 0.8283435944313515, 1: 0.8283882888320767, 2: 0.8279472709294373, 3: 0.8279661095805797}",{}
143,[142],140.51557480223377,0,0,"{1: 57, 0: 57, 2: 57, 3: 57}","{0: 0.8283435944313515, 1: 0.8283882888320767, 2: 0.8279472709294373, 3: 0.8279661095805797}",{}
144,"[141, 140]",141.55506561532246,0,0,"{2: 1, 3: 1, 1: 1, 0: 1}","{0: 2.4323987760786663e-12, 1: 1.819969422633867e-12, 2: 1.821720486295023e-12, 3: 1.4762696809325583e-12}",{}
145,"[141, 143]",142.64432636127657,0,1,"{3: 39, 0: 39, 1: 39, 2: 39}","{0: 0.0006264323616166234, 1: 0.0005601465846321789, 2: 0.0005598483734246383, 3: 0.00037983767729954474}",{}
146,"[140, 143]",142.68003387564607,0,3,"{3: 55, 0: 54, 1: 54, 2: 54}","{0: 0.9992475904029641, 1: 0.999313867902739, 2: 0.9993142331861932, 3: 0.999494241017586}",{}
147,[146],144.07945122642278,0,3,"{3: 54, 0: 54, 1: 54, 2: 54}","{0: 0.9992475904029641, 1: 0.999313867902739, 2: 0.9993142331861932, 3: 0.999494241017586}",{}
148,[147],148.34961397457428,0,3,"{3: 1, 1: 1, 0: 1, 2: 1}","{0: 1.5588064050368006e-10, 1: 1.5589097966207797e-10, 2: 1.558910366455717e-10, 3: 1.5591911750993673e-10}",{}
149,"[145, 147]",148.907207104726,0,3,"{3: 35, 0: 35, 1: 35, 2: 35}","{0: 0.002910195776788164, 1: 0.0028440614878964226, 2: 0.0028437641115919747, 3: 0.002664164852876361}",{}
150,[147],149.3595770139224,0,1,"{3: 47, 0: 47, 1: 47, 2: 47}","{0: 0.921335964895203, 1: 0.9213970747190269, 2: 0.9213974115212238, 3: 0.921563384089602}",{}
151,"[136, 147]",149.68509353365323,0,0,"{1: 42, 0: 42, 2: 42, 3: 42}","{0: 0.07575383864334788, 1: 0.07575886312097413, 2: 0.07575882369513293, 3: 0.07577245041825788}",{}
152,"[147, 145]",149.7629538792859,0,2,"{1: 2, 0: 2, 2: 2, 3: 2}","{0: 3.2749939020810606e-10, 1: 3.200569564527399e-10, 2: 3.2002349115836153e-10, 3: 2.998122571993505e-10}",{}
153,"[147, 145]",150.03638482951544,0,1,"{1: 1, 0: 1, 2: 1, 3: 1}","{0: 1.9863842119840773e-10, 1: 1.9412435694289794e-10, 2: 1.9410405921582115e-10, 3: 1.818453261490558e-10}",{}
154,[149],151.54811022484822,0,3,"{3: 31, 0: 31, 1: 31, 2: 31}","{0: 0.0028248914466473267, 1: 0.002760695701292157, 2: 0.0027604070417505647, 3: 0.0025860722379491955}",{}
155,[150],151.64491476788356,0,3,"{3: 43, 0: 42, 1: 42, 2: 42}","{0: 0.6734897978100179, 1: 0.6735344686407024, 2: 0.6735347148406252, 3: 0.75340059444105}",{}
156,"[150, 152]",152.4873599831827,0,1,"{2: 1, 3: 1, 0: 1, 1: 1}","{0: 1.7156653266396365e-09, 1: 1.708314966328753e-09, 2: 1.7082820084902373e-09, 3: 1.2416781698773048e-09}",{}
157,"[149, 150]",152.97574525841117,0,0,"{3: 24, 2: 24, 0: 24, 1: 24}","{0: 0.00016841957414294906, 1: 0.0001664865434248406, 2: 0.00016647785704546888, 3: 0.0001344860280595591}",{}
158,"[151, 150]",153.10399160988544,0,2,"{2: 40, 3: 40, 0: 40, 1: 40}","{0: 0.285639969774691, 1: 0.285658915493733, 2: 0.2856589863527025, 3: 0.20599262050268263}",{}
159,"[155, 151]",153.49896813741398,0,3,"{3: 40, 0: 40, 1: 40, 2: 40}","{0: 0.7107531165664578, 1: 0.710800258937422, 2: 0.7108004852001174, 3: 0.7906004142553238}",{}
160,"[154, 155]",154.15283735493549,0,3,"{3: 26, 2: 26, 0: 26, 1: 26}","{0: 0.0034383973306274414, 1: 0.0033742440503591155, 2: 0.003373955623066691, 3: 0.0032723875228710692}",{}
161,"[155, 154]",154.7835464897208,0,2,"{3: 4, 2: 4, 0: 4, 1: 4}","{0: 9.468125393912837e-08, 1: 9.291470038639948e-08, 2: 9.290675812287057e-08, 3: 9.010993327628376e-08}",{}
162,"[158, 159]",156.97967998537732,0,3,"{2: 34, 0: 34, 1: 34, 3: 34}","{0: 0.1817675306928161, 1: 0.18177958684725284, 2: 0.1817796410498282, 3: 0.1818040063874956}",{}
163,"[159, 158]",157.20966080531596,0,2,"{2: 37, 3: 37, 0: 37, 1: 37}","{0: 0.8146255556483327, 1: 0.8146795875839021, 2: 0.8146798305029918, 3: 0.8147890283705108}",{}
164,"[162, 161]",159.95120712755278,0,2,"{0: 3, 1: 3, 2: 3, 3: 3}","{0: 5.055348201340342e-07, 1: 5.03795517400118e-07, 2: 5.037876976519872e-07, 3: 5.010459463701567e-07}",{}
165,"[163, 162]",161.60807968494882,0,3,"{2: 30, 0: 30, 1: 30, 3: 30}","{0: 0.9360591586288209, 1: 0.9361212449306777, 2: 0.9361215240609322, 3: 0.9362469997022071}",{}
166,"[163, 157]",162.11767216030933,0,0,"{1: 23, 0: 23, 2: 23, 3: 23}","{0: 0.022946065481873966, 1: 0.022945643231523077, 2: 0.022945641337374773, 3: 0.022916702776657926}",{}
167,[163],162.27192238727557,0,2,"{2: 1, 1: 1, 0: 1, 3: 1}","{0: 6.272154928447108e-07, 1: 6.272570943717713e-07, 2: 6.27257281405698e-07, 3: 6.273413575727403e-07}",{}
168,"[164, 163]",162.5080220983424,0,0,"{1: 1, 0: 1, 3: 1, 2: 1}","{0: 8.799829029117279e-07, 1: 8.791548530718303e-07, 2: 8.791511302316916e-07, 3: 8.778643307578187e-07}",{}
169,"[163, 164]",162.97717622942963,0,0,"{1: 1, 0: 1, 3: 1, 2: 1}","{0: 8.799829029117279e-07, 1: 8.791548530718303e-07, 2: 8.791511302316916e-07, 3: 8.778643307578187e-07}",{}
170,[163],163.0797890056757,0,1,"{1: 24, 0: 24, 2: 24, 3: 24}","{0: 0.03755398930455186, 1: 0.03755648016027865, 2: 0.03755649135877449, 3: 0.03756152534711484}",{}
171,[165],163.62603705457562,0,2,"{0: 24, 1: 24, 2: 24, 3: 24}","{0: 0.17076108232659984, 1: 0.17077240845273728, 2: 0.17077245937322014, 3: 0.17079534933280466}",{}
172,[165],163.95174664055537,0,3,"{0: 27, 1: 27, 2: 27, 3: 27}","{0: 0.765298076302221, 1: 0.7653488364779404, 2: 0.765349064687712, 3: 0.7654516503694024}",{}
173,"[170, 166]",167.06632640300487,0,1,"{3: 22, 0: 22, 1: 22, 2: 22}","{0: 0.058719024052356454, 1: 0.05872097452672455, 2: 0.05872098329997365, 3: 0.05869683998630454}",{}
174,"[172, 160]",167.09298564649376,0,0,"{3: 25, 0: 25, 1: 25, 2: 25}","{0: 0.7687287211702379, 1: 0.7687153275514889, 2: 0.7687152673316562, 3: 0.768716283873959}",{}
175,[172],167.52903894012323,0,1,"{3: 1, 1: 1, 0: 1, 2: 1}","{0: 7.75246261062166e-06, 1: 7.752976810743885e-06, 2: 7.752979122506815e-06, 3: 7.754018314537104e-06}",{}
176,"[170, 171]",167.97642872387829,0,1,"{0: 16, 3: 16, 1: 16, 2: 16}","{0: 0.014734655657822978, 1: 0.014735632968146258, 2: 0.014735637361979857, 3: 0.009881506714244039}",{}
177,"[173, 174]",169.50454660299525,0,3,"{3: 21, 0: 20, 1: 20, 2: 20}","{0: 0.3488454969932815, 1: 0.34884239257213107, 2: 0.34884237861776873, 3: 0.3488579108481284}",{}
178,"[171, 174]",169.7890170586674,0,3,"{3: 22, 0: 21, 1: 21, 2: 21}","{0: 0.6361451445337545, 1: 0.6361472773668139, 2: 0.6361472869530652, 3: 0.641089960215045}",{}
179,[174],171.000294508758,0,1,"{3: 6, 1: 6, 2: 6, 0: 6}","{0: 0.00026456109840476986, 1: 0.00026455648893670877, 2: 0.0002645564682118098, 3: 0.00016048355311903275}",{}
180,"[178, 177]",171.05165085855552,0,3,"{3: 20, 0: 20, 1: 20, 2: 20}","{0: 0.9849121446666604, 1: 0.9849111728153894, 2: 0.9849111684460956, 3: 0.9898687640393635}",{}
181,[178],172.998615334399,0,0,"{2: 1, 1: 1, 0: 1, 3: 1}","{0: 7.849686037544273e-05, 1: 7.849712355547374e-05, 2: 7.849712473836516e-05, 3: 7.910702380976566e-05}",{}
182,"[176, 180]",173.05174013599114,0,3,"{2: 15, 3: 15, 0: 15, 1: 15}","{0: 0.34303870388004315, 1: 0.3430393572399427, 2: 0.34303936017734504, 3: 0.3398377613940319}",{}
183,[180],173.28692141715857,0,1,"{2: 15, 3: 15, 0: 15, 1: 15}","{0: 0.32830404822222015, 1: 0.32830372427179644, 2: 0.3283037228153652, 3: 0.32995625467978784}",{}
184,[180],173.98361115633267,0,2,"{2: 15, 0: 15, 1: 15, 3: 15}","{0: 0.32830404822222015, 1: 0.32830372427179644, 2: 0.3283037228153652, 3: 0.32995625467978784}",{}
185,"[179, 184]",179.84674058924742,0,2,"{0: 5, 3: 5, 1: 5, 2: 5}","{0: 0.0061695066411342515, 1: 0.006169496205025853, 2: 0.006169496158105275, 3: 0.0060951460280950515}",{}
186,"[183, 182]",180.506658645763,0,3,"{0: 13, 1: 13, 2: 13, 3: 13}","{0: 0.3776796663046328, 1: 0.377679911019387, 2: 0.3776799121195849, 3: 0.3765133130143584}",{}
187,"[183, 184]",180.88925585326277,0,1,"{0: 13, 1: 13, 2: 13, 3: 13}","{0: 0.48655112679060075, 1: 0.4865506466916055, 2: 0.48655064453315433, 3: 0.4889997195447057}",{}
188,[182],182.0157306546975,0,1,"{3: 12, 0: 12, 1: 12, 2: 12}","{0: 0.12951106168652046, 1: 0.1295113083564539, 2: 0.12951130946544276, 3: 0.12830257571956738}",{}
189,"[186, 187]",185.72430113791984,0,0,"{3: 12, 0: 12, 1: 12, 2: 12}","{0: 0.8642307930952335, 1: 0.8642305577109926, 2: 0.8642305566527393, 3: 0.8655130325590641}",{}
190,"[189, 188]",188.66632877031807,0,3,"{2: 11, 0: 11, 1: 11, 3: 11}","{0: 0.993741854781754, 1: 0.9937418660674464, 2: 0.993741866118182, 3: 0.9938156082786315}",{}
191,[190],193.5071458457423,0,2,"{1: 10, 0: 10, 2: 10, 3: 10}","{0: 0.993741854781754, 1: 0.9937418660674464, 2: 0.993741866118182, 3: 0.9938156082786315}",{}
192,"[191, 185]",197.21973307452694,0,1,"{2: 4, 3: 4, 0: 4, 1: 4}","{0: 0.12462643946679813, 1: 0.12462643037597725, 2: 0.12462643033510451, 3: 0.12456087048609607}",{}
193,[191],198.4201477699851,0,2,"{2: 8, 0: 8, 1: 8, 3: 8}","{0: 0.87528492195609, 1: 0.8752849318964949, 2: 0.8752849319411827, 3: 0.8753498838206303}",{}
194,[193],202.30515595147583,0,2,"{0: 2, 1: 2, 2: 2, 3: 2}","{0: 0.29176164065203, 1: 0.2917616439654983, 2: 0.2917616439803942, 3: 0.23990593385409936}",{}
195,[193],202.74240849146835,0,3,"{3: 3, 0: 2, 1: 2, 2: 2}","{0: 0.29176164065203, 1: 0.2917616439654983, 2: 0.2917616439803942, 3: 0.39553801611243156}",{}
196,"[193, 192]",203.14189726086877,0,0,"{0: 3, 1: 3, 2: 3, 3: 3}","{0: 0.4163880801188281, 1: 0.41638807434147557, 2: 0.41638807431549874, 3: 0.3644668043401954}",{}
197,[195],204.1573386177758,0,3,"{3: 2, 0: 2, 1: 2, 2: 2}","{0: 0.29176164065203, 1: 0.2917616439654983, 2: 0.2917616439803942, 3: 0.39553801611243156}",{}
198,"[194, 196]",206.56299088068218,0,0,"{0: 1, 1: 1, 2: 1, 3: 1}","{0: 0.708149720770858, 1: 0.7081497183069738, 2: 0.7081497182958929, 3: 0.6043727381942947}",{}
199,[197],206.65117869240817,0,3,"{0: 1, 1: 1, 2: 1, 3: 1}","{0: 0.29176164065203, 1: 0.2917616439654983, 2: 0.2917616439803942, 3: 0.39553801611243156}",{}
200,[196],208.32062317994607,0,3,{},{},{}
